Občanství,Kód,Kód zn.,Kód zn.,Hlavní město Praha 2024 Q3,Středočeský kraj 2024 Q3,Jihočeský kraj 2024 Q3,Plzeňský kraj 2024 Q3,Karlovarský kraj 2024 Q3,Ústecký kraj 2024 Q3,Liberecký kraj 2024 Q3,Královéhradecký kraj 2024 Q3,Pardubický kraj 2024 Q3,Kraj Vysočina 2024 Q3,Jihomoravský kraj 2024 Q3,Olomoucký kraj 2024 Q3,Moravskoslezský kraj 2024 Q3,Zlínský kraj 2024 Q3,Středočeský kraj 2019 Q1,Jihočeský kraj 2019 Q1,Plzeňský kraj 2019 Q1,Karlovarský kraj 2019 Q1,Ústecký kraj 2019 Q1,Liberecký kraj 2019 Q1,Královéhradecký kraj 2019 Q1,Pardubický kraj 2019 Q1,Kraj Vysočina 2019 Q1,Jihomoravský kraj 2019 Q1,Olomoucký kraj 2019 Q1,Moravskoslezský kraj 2019 Q1,Zlínský kraj 2019 Q1,Středočeský kraj 2016 Q4,Jihočeský kraj 2016 Q4,Plzeňský kraj 2016 Q4,Karlovarský kraj 2016 Q4,Ústecký kraj 2016 Q4,Liberecký kraj 2016 Q4,Královéhradecký kraj 2016 Q4,Pardubický kraj 2016 Q4,Kraj Vysočina 2016 Q4,Jihomoravský kraj 2016 Q4,Olomoucký kraj 2016 Q4,Moravskoslezský kraj 2016 Q4,Zlínský kraj 2016 Q4,Středočeský kraj 2017 Q1,Jihočeský kraj 2017 Q1,Plzeňský kraj 2017 Q1,Karlovarský kraj 2017 Q1,Ústecký kraj 2017 Q1,Liberecký kraj 2017 Q1,Královéhradecký kraj 2017 Q1,Pardubický kraj 2017 Q1,Kraj Vysočina 2017 Q1,Jihomoravský kraj 2017 Q1,Olomoucký kraj 2017 Q1,Moravskoslezský kraj 2017 Q1,Zlínský kraj 2017 Q1,Středočeský kraj 2024 Q2,Jihočeský kraj 2024 Q2,Plzeňský kraj 2024 Q2,Karlovarský kraj 2024 Q2,Ústecký kraj 2024 Q2,Liberecký kraj 2024 Q2,Královéhradecký kraj 2024 Q2,Pardubický kraj 2024 Q2,Kraj Vysočina 2024 Q2,Jihomoravský kraj 2024 Q2,Olomoucký kraj 2024 Q2,Moravskoslezský kraj 2024 Q2,Zlínský kraj 2024 Q2,Středočeský kraj 2018 Q4,Jihočeský kraj 2018 Q4,Plzeňský kraj 2018 Q4,Karlovarský kraj 2018 Q4,Ústecký kraj 2018 Q4,Liberecký kraj 2018 Q4,Královéhradecký kraj 2018 Q4,Pardubický kraj 2018 Q4,Kraj Vysočina 2018 Q4,Jihomoravský kraj 2018 Q4,Olomoucký kraj 2018 Q4,Moravskoslezský kraj 2018 Q4,Zlínský kraj 2018 Q4,Středočeský kraj 2018 Q3,Jihočeský kraj 2018 Q3,Plzeňský kraj 2018 Q3,Karlovarský kraj 2018 Q3,Ústecký kraj 2018 Q3,Liberecký kraj 2018 Q3,Královéhradecký kraj 2018 Q3,Pardubický kraj 2018 Q3,Kraj Vysočina 2018 Q3,Jihomoravský kraj 2018 Q3,Olomoucký kraj 2018 Q3,Moravskoslezský kraj 2018 Q3,Zlínský kraj 2018 Q3,Středočeský kraj 2018 Q2,Jihočeský kraj 2018 Q2,Plzeňský kraj 2018 Q2,Karlovarský kraj 2018 Q2,Ústecký kraj 2018 Q2,Liberecký kraj 2018 Q2,Královéhradecký kraj 2018 Q2,Pardubický kraj 2018 Q2,Kraj Vysočina 2018 Q2,Jihomoravský kraj 2018 Q2,Olomoucký kraj 2018 Q2,Moravskoslezský kraj 2018 Q2,Zlínský kraj 2018 Q2,Středočeský kraj 2017 Q4,Jihočeský kraj 2017 Q4,Plzeňský kraj 2017 Q4,Karlovarský kraj 2017 Q4,Ústecký kraj 2017 Q4,Liberecký kraj 2017 Q4,Královéhradecký kraj 2017 Q4,Pardubický kraj 2017 Q4,Kraj Vysočina 2017 Q4,Jihomoravský kraj 2017 Q4,Olomoucký kraj 2017 Q4,Moravskoslezský kraj 2017 Q4,Zlínský kraj 2017 Q4,Středočeský kraj 2018 Q1,Jihočeský kraj 2018 Q1,Plzeňský kraj 2018 Q1,Karlovarský kraj 2018 Q1,Ústecký kraj 2018 Q1,Liberecký kraj 2018 Q1,Královéhradecký kraj 2018 Q1,Pardubický kraj 2018 Q1,Kraj Vysočina 2018 Q1,Jihomoravský kraj 2018 Q1,Olomoucký kraj 2018 Q1,Moravskoslezský kraj 2018 Q1,Zlínský kraj 2018 Q1,Středočeský kraj 2020 Q1,Jihočeský kraj 2020 Q1,Plzeňský kraj 2020 Q1,Karlovarský kraj 2020 Q1,Ústecký kraj 2020 Q1,Liberecký kraj 2020 Q1,Královéhradecký kraj 2020 Q1,Pardubický kraj 2020 Q1,Kraj Vysočina 2020 Q1,Jihomoravský kraj 2020 Q1,Olomoucký kraj 2020 Q1,Moravskoslezský kraj 2020 Q1,Zlínský kraj 2020 Q1,Středočeský kraj 2017 Q2,Jihočeský kraj 2017 Q2,Plzeňský kraj 2017 Q2,Karlovarský kraj 2017 Q2,Ústecký kraj 2017 Q2,Liberecký kraj 2017 Q2,Královéhradecký kraj 2017 Q2,Pardubický kraj 2017 Q2,Kraj Vysočina 2017 Q2,Jihomoravský kraj 2017 Q2,Olomoucký kraj 2017 Q2,Moravskoslezský kraj 2017 Q2,Zlínský kraj 2017 Q2,Středočeský kraj 2019 Q3,Jihočeský kraj 2019 Q3,Plzeňský kraj 2019 Q3,Karlovarský kraj 2019 Q3,Ústecký kraj 2019 Q3,Liberecký kraj 2019 Q3,Královéhradecký kraj 2019 Q3,Pardubický kraj 2019 Q3,Kraj Vysočina 2019 Q3,Jihomoravský kraj 2019 Q3,Olomoucký kraj 2019 Q3,Moravskoslezský kraj 2019 Q3,Zlínský kraj 2019 Q3,Středočeský kraj 2024 Q1,Jihočeský kraj 2024 Q1,Plzeňský kraj 2024 Q1,Karlovarský kraj 2024 Q1,Ústecký kraj 2024 Q1,Liberecký kraj 2024 Q1,Královéhradecký kraj 2024 Q1,Pardubický kraj 2024 Q1,Kraj Vysočina 2024 Q1,Jihomoravský kraj 2024 Q1,Olomoucký kraj 2024 Q1,Moravskoslezský kraj 2024 Q1,Zlínský kraj 2024 Q1,Středočeský kraj 2019 Q2,Jihočeský kraj 2019 Q2,Plzeňský kraj 2019 Q2,Karlovarský kraj 2019 Q2,Ústecký kraj 2019 Q2,Liberecký kraj 2019 Q2,Královéhradecký kraj 2019 Q2,Pardubický kraj 2019 Q2,Kraj Vysočina 2019 Q2,Jihomoravský kraj 2019 Q2,Olomoucký kraj 2019 Q2,Moravskoslezský kraj 2019 Q2,Zlínský kraj 2019 Q2,Středočeský kraj 2017 Q3,Jihočeský kraj 2017 Q3,Plzeňský kraj 2017 Q3,Karlovarský kraj 2017 Q3,Ústecký kraj 2017 Q3,Liberecký kraj 2017 Q3,Královéhradecký kraj 2017 Q3,Pardubický kraj 2017 Q3,Kraj Vysočina 2017 Q3,Jihomoravský kraj 2017 Q3,Olomoucký kraj 2017 Q3,Moravskoslezský kraj 2017 Q3,Zlínský kraj 2017 Q3,Součet
Česko,203,CZ,CZE,297420,249831,107826,91880,42161,113518,74912,93123,81939,77472,201958,94807,169568,94602,255952,121562,103737,49624,124721,89207,104886,89593,85662,214533,106048,184263,107456,247660,120214,102718,50729,124115,88974,103653,88040,83615,211096,104457,183598,106344,248376,120324,102710,50454,123881,89025,103647,88051,83694,211395,104388,183525,106347,248108,107250,91546,42067,112828,74669,92685,81467,77147,200808,94346,168517,94217,254814,121448,103623,49726,124437,89339,104655,89347,85306,213957,105715,183986,107235,254059,121355,103512,49840,124356,89409,104655,89270,85176,213709,105507,184073,107189,252676,121040,103183,49947,123985,89443,104328,88931,84715,213147,105151,183771,106974,250817,120745,102966,50216,123864,89341,104062,88546,84193,212486,104691,183582,106680,251868,120871,103074,50050,123863,89415,104164,88721,84415,212842,104852,183700,106888,260338,122384,104357,49527,125657,88941,105648,90661,86845,216821,107046,185649,108069,249095,120551,102802,50350,123900,89226,103885,88215,83932,211838,104512,183438,106471,258590,122237,104220,49720,125393,89199,105448,90228,86475,215948,106722,185210,108017,248421,107724,92204,42575,113348,75224,93204,81838,77587,201468,94863,169395,94852,257178,121865,103902,49639,125089,89131,105137,89898,85966,215190,106414,184693,107677,250237,120828,103040,50342,124012,89448,104128,88496,84196,212422,104790,183735,106749,25661897
Vietnam,704,VN,VNM,4493,2059,904,2230,2723,3269,675,537,551,359,1378,562,1058,308,1877,942,2288,2925,3503,714,542,497,397,1323,549,1078,298,2032,1037,2514,3148,3659,824,583,530,456,1435,546,1109,293,1994,1013,2500,3145,3646,815,573,532,453,1430,557,1122,300,2022,905,2211,2726,3261,662,538,539,364,1365,557,1054,308,1874,960,2333,2962,3496,730,548,497,399,1332,550,1078,302,1879,973,2364,3000,3528,737,554,495,403,1356,556,1087,305,1868,977,2403,3039,3558,751,561,498,406,1362,561,1094,309,1918,994,2465,3076,3563,769,564,508,419,1379,553,1114,306,1886,985,2448,3060,3560,763,560,497,421,1371,555,1099,308,1861,901,2194,2825,3437,699,529,494,384,1300,536,1062,284,1965,1008,2496,3131,3636,796,569,525,434,1413,562,1113,306,1873,921,2204,2862,3471,713,533,495,385,1306,544,1056,292,2010,897,2192,2732,3269,665,538,533,363,1356,549,1040,311,1866,928,2263,2884,3473,714,531,493,385,1317,550,1074,300,1919,998,2503,3112,3597,785,569,528,425,1398,562,1123,305,275302
Ukrajina,804,UA,UKR,18074,6149,1045,2175,969,1799,1096,1390,1614,959,2826,681,677,417,3085,630,1304,624,1162,719,814,776,400,1585,437,275,245,2922,688,1308,598,1154,719,850,823,437,1861,406,268,271,2931,678,1309,605,1151,717,850,812,435,1828,392,272,267,5882,988,2068,932,1755,1034,1287,1491,863,2596,656,664,405,3021,633,1291,620,1153,719,810,779,406,1576,448,277,247,2977,640,1300,620,1151,706,828,780,408,1607,422,273,248,2978,639,1305,621,1158,710,837,788,417,1641,410,277,251,2912,641,1308,606,1134,699,841,802,422,1687,388,273,258,2917,646,1301,621,1138,707,832,790,421,1664,405,271,255,3273,649,1389,642,1175,739,808,799,415,1524,431,269,261,2930,667,1310,606,1118,714,853,813,431,1806,389,270,262,3199,644,1333,639,1182,717,806,789,412,1560,452,274,256,5265,857,1827,838,1512,892,1074,1261,712,2232,578,528,352,3159,633,1320,628,1176,726,811,782,407,1570,454,274,250,2923,650,1313,604,1122,711,849,798,432,1750,389,274,260,217936
Slovensko,703,SK,SVK,10443,3139,585,844,307,779,504,480,534,350,4028,629,1736,1031,2367,492,668,259,602,449,427,426,311,2482,496,1328,848,2076,458,617,253,530,395,391,373,295,1999,454,1281,821,2106,457,611,252,542,398,395,378,299,2061,458,1243,824,3080,583,833,295,773,500,470,525,344,3914,628,1709,1018,2320,495,654,255,587,444,415,424,304,2426,493,1304,841,2304,494,655,254,584,434,414,421,305,2370,494,1294,836,2255,485,650,255,577,425,413,414,311,2316,485,1275,834,2189,475,634,257,564,410,406,391,307,2200,482,1245,825,2209,482,644,257,560,417,406,403,306,2263,481,1255,837,2504,502,696,270,640,455,426,451,316,2723,521,1404,872,2153,464,620,254,543,409,402,384,303,2108,471,1241,823,2459,505,692,267,616,458,425,435,313,2607,511,1356,861,3056,585,833,292,754,495,467,519,343,3819,628,1681,1009,2407,494,679,263,609,453,432,434,310,2536,504,1336,855,2174,470,632,256,554,412,411,387,310,2160,479,1232,825,183716
Německo,276,DE,DEU,745,226,97,236,455,1195,56,43,30,26,100,57,48,19,227,97,255,320,1300,79,47,32,25,104,64,56,21,215,93,256,331,1372,77,48,33,25,95,62,53,22,212,92,256,329,1360,77,48,33,25,94,62,53,21,226,95,238,443,1231,56,44,29,26,100,57,50,18,225,100,253,336,1309,81,47,32,25,105,64,58,21,223,97,261,335,1321,80,48,31,24,107,64,58,20,220,93,256,335,1334,79,48,32,24,107,64,57,20,218,91,257,335,1329,79,50,32,25,101,62,53,21,219,91,255,335,1331,78,50,32,25,103,62,56,20,231,96,258,231,1280,76,52,30,25,107,68,56,18,214,92,258,330,1340,78,48,34,26,96,63,54,20,231,94,255,265,1281,75,48,31,25,107,66,54,19,228,94,247,423,1229,54,45,29,26,104,58,51,19,231,95,256,280,1294,78,48,31,25,105,68,54,19,214,90,258,331,1338,78,48,32,27,98,62,54,20,42049
Polsko,616,PL,POL,664,190,40,62,41,105,130,282,68,28,129,169,1042,39,178,38,60,33,113,151,296,67,21,123,150,850,38,169,40,53,30,117,139,274,64,23,114,129,718,33,170,40,56,29,115,138,288,64,22,116,133,764,35,190,38,62,40,103,130,284,69,29,130,168,1028,39,177,37,61,34,113,147,303,67,21,124,145,840,37,173,37,60,33,114,144,303,63,22,124,146,823,38,171,37,60,32,117,145,305,62,22,122,141,796,38,172,38,59,31,113,139,306,66,22,117,139,781,37,173,39,60,31,117,142,308,63,22,120,142,795,36,175,41,63,38,111,152,305,70,22,128,151,879,39,169,37,57,31,115,140,292,65,22,113,134,781,36,177,39,62,34,108,153,301,69,21,127,153,869,38,191,39,63,41,104,129,287,69,30,129,170,1023,40,176,40,60,34,111,152,300,69,21,126,151,862,38,171,38,58,31,114,140,304,66,22,116,139,784,37,33720
Rusko,643,RU,RUS,3716,667,32,60,248,188,43,36,39,14,230,50,62,33,392,22,43,192,141,45,24,21,16,120,38,49,22,332,19,40,185,124,39,20,18,15,96,31,45,19,339,21,41,188,123,38,19,19,14,104,35,46,19,653,34,60,244,191,45,37,37,12,228,51,64,33,372,22,39,192,137,41,23,21,15,118,39,47,22,362,21,39,195,133,40,24,21,16,117,38,48,23,361,21,41,194,135,40,23,21,14,121,37,48,21,360,19,41,189,129,40,22,18,14,115,37,46,19,363,20,43,187,131,40,22,21,14,115,39,47,21,451,21,42,209,153,42,30,21,12,126,39,53,25,357,21,41,186,128,38,20,17,14,111,36,45,19,430,20,42,196,147,43,27,23,12,124,37,49,24,646,35,64,240,189,41,37,35,12,224,51,60,33,414,21,43,192,148,44,25,23,16,123,38,50,24,358,19,40,189,125,38,21,17,14,108,35,45,19,19146
Rumunsko,642,RO,ROU,1391,435,106,408,59,216,107,51,75,29,226,85,30,84,183,53,257,36,110,37,40,54,31,158,47,16,57,126,32,198,28,75,21,33,46,17,113,39,14,41,132,37,203,27,78,21,34,48,18,122,40,13,42,412,104,403,57,212,107,52,75,30,223,84,30,85,178,49,250,35,101,32,40,54,28,154,44,15,52,168,49,233,33,100,30,39,55,32,142,46,14,51,153,48,230,31,94,28,40,53,28,135,46,14,51,145,45,207,28,82,22,37,50,28,131,45,13,47,145,47,223,30,87,25,40,52,28,129,47,14,51,225,68,292,39,128,48,37,55,29,173,65,18,62,136,42,210,27,82,21,35,49,21,121,40,13,43,210,64,269,36,120,44,41,54,34,171,61,17,59,395,99,395,54,210,99,51,76,29,221,83,27,84,202,59,262,36,116,42,41,54,36,167,60,17,58,141,43,208,29,83,22,38,50,28,126,43,13,46,18337
Bulharsko,100,BG,BGR,929,293,51,132,65,139,52,34,37,22,137,86,67,26,242,52,79,30,123,41,26,26,44,128,80,71,27,208,58,42,28,110,38,22,24,48,126,79,59,25,219,58,45,29,112,38,23,26,47,125,79,63,25,288,48,129,60,138,53,34,36,20,137,87,67,26,242,53,75,30,118,40,24,25,43,124,80,71,27,236,53,74,31,117,40,25,23,42,119,80,70,27,237,55,72,30,113,40,25,26,43,121,80,67,27,229,56,64,28,112,40,25,25,43,121,79,61,25,236,55,69,28,112,40,25,26,43,121,80,64,26,255,55,87,35,130,48,27,26,44,134,84,77,27,231,58,58,29,111,38,22,27,47,121,78,62,25,246,53,85,33,126,45,27,24,46,132,83,72,27,291,50,128,55,138,51,35,35,22,137,86,68,26,247,50,85,32,124,43,27,25,45,132,82,71,27,232,57,63,29,111,39,23,27,47,123,78,65,25,15613
Velká Británie,0,0,0,0,0,0,0,0,0,0,0,0,0,0,0,0,0,196,45,56,18,37,68,32,47,28,132,45,65,47,161,42,50,19,29,62,29,44,23,119,40,64,40,168,44,52,19,30,63,30,42,24,119,39,64,41,0,0,0,0,0,0,0,0,0,0,0,0,0,192,42,55,17,37,68,31,47,27,135,43,63,43,189,43,52,17,37,65,30,46,25,133,43,61,44,183,41,52,18,36,64,31,48,24,132,41,62,43,172,41,55,19,35,65,32,46,24,124,40,61,42,182,40,55,18,35,63,33,47,25,129,42,64,43,208,45,55,18,40,71,38,45,29,146,44,71,50,174,43,56,18,32,65,30,43,24,119,39,61,40,206,43,55,17,39,69,37,46,27,137,44,67,48,0,0,0,0,0,0,0,0,0,0,0,0,0,202,45,56,17,38,67,33,45,28,132,44,67,47,175,42,54,18,33,65,31,44,24,123,40,60,41,10175
Maďarsko,348,HU,HUN,863,201,40,171,46,47,42,52,55,32,158,39,24,20,75,18,89,21,33,23,41,27,13,109,13,23,7,45,13,44,14,23,14,32,19,12,66,13,22,1,46,14,46,16,23,14,32,22,11,71,14,23,2,199,39,171,46,46,41,51,55,29,153,39,24,18,71,16,72,18,31,21,38,27,12,105,13,22,6,63,16,66,18,30,18,38,25,12,98,14,22,6,60,15,59,17,29,16,39,24,12,98,14,22,6,52,14,53,17,28,15,37,21,12,81,14,23,6,57,15,56,17,29,15,38,22,13,97,14,22,6,93,20,115,25,41,29,40,29,19,116,15,23,8,50,14,47,17,24,15,34,20,11,72,14,23,6,85,17,103,22,36,25,41,28,15,113,14,23,7,194,40,167,47,46,40,50,53,30,152,39,22,15,84,16,99,21,35,24,44,28,13,110,13,23,7,53,16,50,16,26,15,37,21,12,79,14,23,6,8274
Moldavsko,498,MD,MDA,327,199,28,65,16,47,49,29,15,27,72,24,7,20,116,20,57,18,36,44,25,18,25,51,27,7,13,113,21,57,15,39,36,22,11,27,52,28,7,14,119,21,58,16,38,37,23,16,28,51,29,8,13,197,29,63,17,47,48,28,15,26,68,24,7,20,116,21,56,18,37,44,25,18,25,53,27,7,13,120,21,60,18,37,43,25,18,25,52,27,7,13,115,23,63,18,36,44,25,18,24,51,26,7,13,120,23,63,18,38,40,25,17,25,51,27,7,13,114,23,63,19,35,43,25,17,24,52,26,7,13,123,24,56,17,37,44,26,17,26,51,25,7,14,115,23,57,17,38,37,24,16,28,50,29,8,13,117,21,57,18,36,45,25,17,26,50,26,8,12,198,30,63,17,47,47,28,15,25,66,24,7,20,117,21,54,18,36,45,25,18,25,50,27,7,13,119,23,56,17,38,38,25,16,25,51,27,7,13,7738
Itálie,380,IT,ITA,912,116,24,33,21,39,9,10,15,6,86,26,53,40,80,25,29,19,44,12,7,14,5,90,31,46,36,64,20,27,21,43,11,9,14,5,81,31,57,39,66,20,27,20,42,10,8,13,5,87,31,55,38,114,24,34,20,39,8,10,15,6,90,25,54,39,78,25,27,20,42,11,7,14,5,89,31,48,38,73,26,27,19,41,11,7,14,5,88,31,48,38,69,25,26,18,42,11,8,14,5,87,32,48,40,66,24,26,18,43,11,8,14,5,85,32,46,40,68,24,27,18,42,11,8,15,5,86,32,48,39,87,26,32,17,41,13,8,15,6,93,30,50,38,64,20,27,20,42,11,9,13,5,86,31,55,39,83,27,32,18,43,12,8,14,6,90,31,49,37,115,23,34,20,41,8,11,16,6,90,27,56,40,84,26,30,19,44,12,7,14,5,89,31,48,37,65,22,26,19,43,11,9,14,5,88,32,52,39,7053
Spojené státy,840,US,USA,1266,127,44,33,9,30,21,17,15,11,62,29,45,21,104,43,27,6,30,20,21,14,9,56,22,38,23,83,38,19,7,23,22,17,13,10,62,24,30,19,86,42,17,6,23,22,17,13,10,65,24,30,19,124,43,32,10,31,21,18,16,12,65,28,45,22,98,39,27,7,30,22,21,12,10,58,22,36,22,101,39,26,7,29,23,21,12,8,55,22,34,22,97,40,26,7,29,23,21,13,9,55,23,35,21,90,39,24,7,25,23,20,11,8,53,23,34,19,92,40,25,7,28,23,22,13,9,54,24,36,19,123,42,26,5,29,21,21,15,12,68,25,42,23,87,40,19,6,22,22,18,13,10,63,24,32,18,114,40,27,6,30,19,17,14,11,58,25,42,22,126,43,33,10,30,21,18,16,12,69,27,46,22,109,41,27,5,29,19,18,14,10,60,24,40,22,87,39,19,6,25,23,18,12,9,57,24,33,19,6568
Rakousko,040,AT,AUT,145,20,80,5,25,33,6,3,5,9,120,11,7,20,21,103,5,20,33,7,4,4,7,124,18,10,24,23,108,3,20,35,7,4,5,6,121,16,10,24,23,108,3,20,35,8,4,5,6,121,16,10,24,19,81,4,25,33,6,4,5,9,119,12,7,20,25,108,5,20,33,6,4,4,7,125,18,10,24,25,109,5,20,34,6,4,4,7,124,18,10,24,24,111,5,20,35,6,4,4,7,121,17,11,24,23,111,5,21,36,7,4,4,7,120,16,11,24,24,111,5,20,35,6,4,4,7,120,16,11,24,20,101,4,22,31,7,4,4,7,124,16,11,23,22,111,4,21,36,8,4,5,6,121,17,12,24,21,102,5,21,32,7,4,4,7,123,18,10,24,19,80,4,25,33,7,4,5,8,119,12,7,20,21,101,5,20,32,7,4,4,7,123,18,10,24,22,113,5,21,36,8,4,5,7,120,16,11,24,6031
Bělorusko,112,BY,BLR,603,124,19,42,31,41,14,19,23,17,57,19,25,14,77,15,29,28,41,10,16,20,15,27,14,17,14,58,14,30,24,47,10,14,15,15,29,12,16,11,62,14,33,24,48,10,14,15,14,32,12,16,11,120,19,40,30,40,14,19,23,16,61,18,24,14,71,14,26,29,44,10,15,19,16,28,13,18,14,70,13,27,29,41,10,15,18,15,30,13,18,13,65,13,27,29,47,10,15,18,15,30,12,16,12,63,13,27,29,58,10,15,16,15,28,11,16,12,63,13,27,29,55,10,15,18,15,30,12,16,12,89,13,30,28,34,10,15,19,16,35,16,17,15,63,14,33,24,57,10,14,15,15,30,12,16,12,77,14,29,29,35,10,16,19,15,30,17,17,13,111,20,40,30,40,14,18,23,16,61,18,25,14,78,13,30,28,38,10,16,18,15,28,15,17,13,63,14,30,27,59,10,15,15,15,30,11,16,12,5411
Kazachstán,398,KZ,KAZ,648,128,3,6,27,68,12,6,4,4,41,7,5,4,95,2,4,26,52,11,7,3,3,9,8,3,1,87,3,5,24,42,10,6,2,4,7,7,3,1,85,4,5,25,44,10,6,2,4,7,7,4,1,126,3,8,27,70,10,7,5,4,45,7,5,4,92,2,5,28,48,10,7,3,3,9,8,4,1,93,2,5,27,48,10,7,3,3,9,8,4,1,89,2,5,27,48,9,7,3,3,9,7,3,1,86,2,4,27,47,9,7,2,4,8,8,3,1,91,2,5,26,47,9,7,2,4,7,8,3,1,96,1,6,27,59,10,7,4,3,16,8,3,1,84,4,5,26,44,10,6,2,4,7,7,4,1,95,2,4,27,55,10,7,3,3,10,8,4,1,125,2,8,29,66,10,7,5,3,43,8,5,3,96,2,4,27,52,11,7,3,3,10,8,3,1,87,3,5,27,46,9,6,2,4,8,8,3,1,3762
Chorvatsko,191,HR,HRV,258,45,12,16,14,20,6,4,5,4,34,16,27,11,34,9,15,14,19,7,2,7,4,28,18,24,15,31,5,15,18,18,7,2,8,3,27,18,24,15,31,5,15,18,18,7,2,8,3,29,18,25,14,44,12,16,14,19,6,4,5,3,33,16,28,12,34,9,14,15,18,7,2,7,4,29,18,24,15,34,9,14,15,18,7,2,7,4,28,17,24,15,32,8,14,16,19,8,2,7,4,27,17,23,15,31,6,15,18,19,8,2,7,4,28,18,25,15,32,8,14,17,19,8,2,7,4,25,17,23,15,31,10,15,14,22,6,3,8,4,31,17,24,14,31,6,15,18,19,8,2,8,4,30,18,25,14,32,10,15,14,20,6,3,8,4,29,18,24,14,44,10,16,14,19,5,4,6,3,35,16,29,13,32,10,15,14,20,6,3,8,4,28,18,24,15,31,6,15,18,19,8,2,8,4,29,18,24,15,3177
Arménie,051,AM,ARM,209,46,2,5,4,26,7,3,3,22,69,2,11,3,31,2,4,8,31,7,4,3,19,71,2,11,2,23,2,5,8,33,6,4,3,19,69,2,13,2,26,2,5,8,33,6,4,3,20,69,2,13,2,47,2,5,4,25,7,3,3,22,70,2,11,3,31,2,4,8,31,7,4,3,19,74,2,11,2,31,2,4,8,30,6,4,3,19,74,2,11,2,29,2,4,8,31,6,4,3,19,75,2,12,2,28,2,5,8,32,6,4,2,20,73,2,11,2,30,2,5,8,31,6,4,3,19,74,2,12,2,34,2,4,8,31,7,4,4,19,72,2,10,2,25,2,5,8,33,6,4,2,21,73,2,12,2,34,2,4,8,31,7,4,5,18,72,2,11,2,45,2,4,4,26,8,3,3,22,69,2,11,3,34,2,4,8,31,7,4,4,19,71,2,11,2,26,2,5,8,32,6,4,2,21,72,2,13,2,3158
Francie,250,FR,FRA,654,63,13,27,7,7,6,8,13,10,49,12,20,9,55,15,16,4,7,4,5,10,7,32,9,17,10,47,13,14,5,6,3,2,11,7,28,10,14,9,49,14,14,5,7,4,2,11,7,31,10,14,10,59,13,27,6,8,5,8,13,10,49,11,20,9,54,15,16,4,8,4,5,10,7,32,10,17,10,54,14,16,4,8,4,3,10,7,35,10,15,10,53,13,16,4,8,4,3,10,7,34,10,14,10,49,13,15,4,7,4,3,10,7,32,10,16,9,50,13,16,4,8,4,3,10,7,34,10,14,9,59,17,17,4,6,4,6,11,7,34,9,21,11,49,14,14,6,6,4,2,10,7,32,10,14,9,58,15,16,4,6,3,5,11,7,34,9,19,10,59,13,25,6,7,5,9,12,9,48,11,20,9,56,14,16,4,6,4,5,11,7,33,9,18,10,49,13,14,6,6,4,2,10,7,32,11,15,9,3133
Nizozemsko,0,0,0,0,0,0,0,0,0,0,0,0,0,0,0,0,0,35,23,14,5,19,19,18,11,7,23,9,5,6,29,24,12,6,18,19,14,7,7,22,9,4,8,30,23,12,6,18,20,14,7,7,21,9,4,8,40,23,15,4,22,19,24,13,10,25,10,5,6,34,23,14,6,19,19,19,11,7,22,9,5,6,33,23,13,6,17,19,18,10,7,22,9,6,6,32,24,13,6,17,21,18,10,7,22,9,5,6,32,24,14,6,17,21,15,9,7,22,9,4,7,32,24,13,6,16,21,15,9,7,22,9,4,6,38,22,14,5,17,22,22,11,7,24,9,5,6,30,24,12,6,18,20,14,9,7,21,10,4,8,36,23,14,5,17,20,20,11,7,24,9,5,6,39,24,15,4,21,18,22,13,10,26,10,5,6,35,22,14,5,17,19,19,11,7,24,9,5,6,31,25,14,6,17,20,16,9,7,21,9,4,7,2886
Mongolsko,496,MN,MNG,118,25,6,20,12,92,43,19,15,20,35,11,3,20,13,3,11,13,11,12,13,4,11,36,9,3,13,10,1,12,12,11,11,13,2,9,40,10,3,12,10,1,12,11,9,11,14,3,9,39,10,4,12,24,6,16,14,86,43,19,15,17,33,11,3,19,12,2,11,12,11,13,13,4,12,36,10,3,13,12,2,9,12,10,13,13,4,12,36,10,3,13,13,2,9,12,8,12,13,3,12,37,10,3,14,12,1,8,11,8,12,13,4,10,34,10,3,13,13,1,9,11,8,12,13,4,11,34,10,3,15,12,3,11,15,27,21,13,3,13,37,8,3,12,11,1,9,11,8,9,13,4,9,38,10,4,12,13,3,11,13,14,14,14,4,11,38,8,3,12,22,5,18,14,82,41,18,14,17,32,12,3,18,12,3,11,13,13,12,14,4,11,37,9,3,12,11,1,8,11,8,11,13,4,10,36,10,3,13,2866
Srbsko a Černá Hora,891,CS,SCG,170,32,10,11,7,16,7,3,1,1,14,6,11,5,48,15,15,9,21,9,5,1,2,19,7,14,7,54,16,15,11,27,11,5,1,2,23,8,15,7,54,16,15,10,24,11,5,1,2,21,8,15,7,32,11,11,7,16,7,3,1,2,14,6,11,5,48,15,15,9,21,9,5,1,2,19,7,14,7,51,15,15,10,22,9,5,1,2,19,7,14,7,51,15,15,10,23,9,5,1,2,19,8,14,7,52,15,15,10,23,10,5,1,2,19,8,15,7,51,15,15,10,23,10,5,1,2,19,8,14,7,44,15,14,8,21,9,5,1,2,18,6,14,7,55,16,15,10,24,11,5,1,2,20,8,15,7,46,15,14,8,21,9,5,1,2,19,7,14,7,32,12,11,7,17,8,3,1,2,14,6,12,5,46,15,14,8,21,9,5,1,2,19,7,14,7,55,15,15,10,23,10,5,1,2,20,8,15,7,2701
Bosna a Hercegovina,070,BA,BIH,153,39,5,2,6,15,13,7,5,0,42,8,9,2,36,4,2,4,17,10,7,4,0,43,7,10,1,36,7,0,4,16,9,7,5,0,47,6,10,1,35,7,0,4,15,9,7,5,0,46,6,10,1,39,4,2,6,15,11,7,5,0,41,8,10,3,35,4,1,4,16,11,7,5,0,43,7,10,1,34,5,1,4,16,11,7,5,0,44,7,10,1,34,5,1,4,16,11,7,5,0,44,7,10,1,33,7,0,4,15,10,7,5,0,45,7,9,1,34,7,1,4,16,11,7,5,0,44,7,9,1,37,5,2,4,17,10,7,4,0,43,7,10,1,35,7,0,4,15,9,7,5,0,46,7,10,1,36,5,2,4,17,10,7,4,0,42,7,10,1,39,4,2,6,15,11,7,5,0,42,8,9,3,36,4,2,4,17,10,7,4,0,43,6,10,1,33,7,0,4,15,9,7,5,0,44,7,10,1,2340
Velká Británie a Severní Irsko,826,GB,GBR,922,223,45,31,13,39,37,33,44,17,131,40,73,48,0,0,0,0,0,0,0,0,0,0,0,0,0,0,0,0,0,0,0,0,0,0,0,0,0,0,0,0,0,0,0,0,0,0,0,0,0,0,0,220,46,31,12,38,36,32,43,17,135,39,69,49,0,0,0,0,0,0,0,0,0,0,0,0,0,0,0,0,0,0,0,0,0,0,0,0,0,0,0,0,0,0,0,0,0,0,0,0,0,0,0,0,0,0,0,0,0,0,0,0,0,0,0,0,0,0,0,0,0,0,0,0,0,0,0,0,0,0,0,0,0,0,0,0,0,0,0,0,0,0,0,0,0,0,0,0,0,0,0,0,0,0,0,0,0,0,0,0,0,0,0,0,0,0,0,0,216,45,31,13,38,35,30,43,18,129,36,67,48,0,0,0,0,0,0,0,0,0,0,0,0,0,0,0,0,0,0,0,0,0,0,0,0,0,0,2290
Řecko,300,GR,GRC,150,19,5,4,5,6,5,3,4,5,36,22,32,2,9,1,2,3,7,6,4,3,2,31,16,38,1,9,0,1,4,7,6,4,4,3,27,15,39,1,10,0,1,4,7,6,4,4,2,28,14,41,1,18,5,3,5,7,5,3,4,5,35,22,31,2,9,1,2,3,7,6,4,3,2,31,16,38,1,9,1,2,3,7,6,4,3,2,31,15,37,1,9,1,2,3,7,6,4,3,2,31,15,36,1,12,0,2,4,7,6,4,3,2,31,14,39,1,9,1,2,3,7,6,5,3,2,30,15,39,1,14,2,3,5,7,6,4,3,3,34,18,38,2,11,0,2,4,7,6,4,4,2,28,14,40,1,12,2,2,4,8,6,4,3,2,30,16,38,1,18,5,3,5,8,5,3,4,4,35,22,32,1,10,2,2,3,7,6,4,3,2,30,16,38,1,11,0,2,4,7,6,4,4,2,31,14,39,1,2054
Sýrie,760,SY,SYR,71,19,4,14,8,21,5,8,5,2,31,8,19,6,12,5,11,7,19,7,8,1,1,25,6,19,4,13,2,12,3,17,6,7,1,1,31,6,16,4,14,2,11,3,16,7,8,1,1,31,6,17,3,17,4,15,9,21,5,8,5,2,30,8,19,6,12,5,11,7,19,7,7,1,1,24,6,19,4,12,4,11,7,19,7,7,1,1,24,6,20,4,13,4,11,7,19,7,7,1,1,24,6,20,4,16,3,11,4,16,7,7,1,1,25,6,18,3,14,4,11,5,17,7,7,1,1,24,6,18,4,14,3,14,7,20,6,8,2,1,26,7,17,4,14,3,11,4,16,7,8,1,1,29,5,17,3,15,4,14,7,20,7,8,1,1,24,7,18,4,16,4,15,10,21,5,8,5,2,28,8,19,6,15,4,12,7,19,7,8,1,1,26,6,18,4,16,3,11,4,16,7,8,1,1,26,5,16,3,2040
Makedonie,0,0,0,0,0,0,0,0,0,0,0,0,0,0,0,0,0,31,5,9,3,50,1,9,2,2,19,16,34,7,31,7,7,0,48,1,5,1,2,21,14,34,7,33,7,7,0,49,1,6,1,2,23,14,33,7,0,0,0,0,0,0,0,0,0,0,0,0,0,30,5,9,3,50,1,8,2,2,20,16,34,7,30,6,8,3,51,1,7,1,2,19,16,34,7,30,5,8,3,49,1,7,1,2,19,16,33,7,32,6,9,2,48,1,7,1,2,19,15,32,7,32,6,9,2,48,1,7,1,2,20,16,33,7,0,0,0,0,0,0,0,0,0,0,0,0,0,31,7,8,2,50,1,6,1,2,22,14,32,7,0,0,0,0,0,0,0,0,0,0,0,0,0,0,0,0,0,0,0,0,0,0,0,0,0,0,0,0,0,0,0,0,0,0,0,0,0,0,0,32,6,8,2,49,1,7,1,2,21,15,32,7,1833
Španělsko,724,ES,ESP,455,24,11,8,5,8,7,6,7,0,47,14,15,5,15,8,6,3,6,8,5,7,2,29,8,9,4,16,5,4,2,4,5,4,6,1,22,8,9,2,16,5,4,2,4,5,4,6,1,24,8,9,2,24,11,8,5,8,5,6,7,1,47,13,14,5,17,8,5,2,6,8,4,7,2,28,8,9,4,15,7,5,2,6,8,4,7,2,26,9,10,4,16,7,5,2,6,6,4,7,3,27,9,10,4,16,5,4,2,6,6,4,6,1,25,8,9,3,16,6,5,2,6,6,4,6,2,28,8,9,4,18,8,6,3,7,7,6,7,2,32,7,10,5,17,5,4,2,5,6,4,6,1,22,9,9,2,19,8,6,3,7,8,5,7,2,29,7,9,5,24,12,8,5,8,5,6,6,1,46,12,14,5,16,8,6,3,6,8,5,7,2,30,7,10,4,16,5,4,2,6,6,4,6,1,24,8,9,3,1798
Turecko,792,TR,TUR,214,33,10,10,5,18,14,11,11,3,26,12,16,9,16,6,5,5,18,8,5,4,3,12,5,8,8,13,5,6,4,17,6,6,3,2,6,4,8,5,14,5,5,4,17,5,6,3,3,6,4,8,5,33,10,12,5,19,12,13,9,3,28,11,16,10,15,6,5,5,19,7,5,4,3,10,5,8,6,16,6,6,5,19,7,5,4,3,9,5,9,6,16,6,6,5,20,5,5,4,2,9,5,8,6,17,7,6,5,19,4,5,4,2,9,5,7,5,17,6,6,5,20,4,4,4,2,10,4,8,5,20,6,7,4,18,7,6,5,3,8,5,8,7,15,6,5,4,16,5,5,4,3,7,4,8,5,18,6,8,4,18,7,5,4,3,10,5,8,7,29,10,13,5,19,12,12,8,3,30,11,16,10,18,6,7,6,17,8,5,4,3,11,5,8,7,15,7,5,5,17,5,5,4,3,8,5,8,6,1787
Srbsko,688,RS,SRB,194,55,2,9,14,26,6,4,2,6,32,6,6,8,21,0,7,14,12,3,3,0,3,16,5,7,6,15,1,9,11,11,4,5,0,0,18,4,9,4,18,0,9,11,11,4,6,0,1,17,4,8,4,51,2,9,14,26,6,4,2,6,31,6,6,8,20,0,7,14,12,3,3,0,3,16,5,7,6,20,0,7,15,12,3,3,0,3,16,5,7,6,19,0,7,15,12,3,3,0,3,19,5,6,6,17,0,7,13,11,2,5,0,3,21,5,6,6,17,0,7,14,12,2,4,0,3,21,5,6,5,23,1,7,14,12,6,3,0,3,18,4,8,6,17,0,8,11,9,4,5,0,2,19,5,7,4,23,1,8,14,12,4,3,0,1,16,5,8,6,49,2,9,14,26,5,4,2,6,33,6,6,8,23,0,7,14,12,4,3,0,3,17,5,8,6,16,0,7,12,11,2,5,0,3,19,4,7,4,1770
Čína,156,CN,CHN,224,37,5,4,2,24,2,3,4,4,15,6,12,2,33,5,4,1,24,1,2,2,4,9,2,7,2,26,5,5,1,23,0,2,4,3,6,2,7,2,26,5,5,1,22,0,2,4,3,6,2,7,2,37,5,4,2,23,2,3,4,4,15,6,10,2,33,5,4,1,23,0,2,2,3,9,2,7,2,32,5,4,1,23,0,2,2,3,9,2,7,2,33,5,4,1,23,0,2,2,3,9,2,7,2,28,5,5,1,22,0,2,1,3,7,2,7,2,32,5,4,1,23,0,2,2,3,9,2,7,2,30,6,4,2,24,1,2,3,4,12,4,9,2,27,5,5,1,22,0,2,4,3,6,2,6,2,33,6,4,2,24,1,2,2,5,10,3,8,2,37,5,4,2,23,1,2,4,4,14,6,9,2,34,6,4,2,24,1,2,2,5,10,3,8,2,26,5,5,1,22,0,2,4,3,6,2,7,2,1550
Litva,440,LT,LTU,84,14,3,12,4,6,6,2,3,17,20,2,4,1,17,4,14,4,3,6,3,2,18,15,0,1,1,14,4,9,3,3,4,3,2,23,16,0,1,1,15,4,9,3,3,4,3,2,23,16,0,1,1,14,3,12,4,5,5,2,3,17,20,2,3,1,15,4,13,3,3,5,3,2,18,16,0,1,1,15,4,14,3,3,5,3,2,18,16,0,1,1,15,4,14,3,3,5,3,2,18,16,0,1,1,16,4,11,3,3,4,3,2,18,15,0,1,1,15,4,13,3,3,4,3,2,18,15,0,1,1,19,4,14,6,3,6,3,2,19,17,0,1,1,15,4,9,3,3,4,2,2,23,15,0,1,1,18,4,14,4,3,6,3,2,19,16,0,1,1,17,3,13,4,5,5,2,3,17,20,2,3,0,18,4,14,4,3,6,3,2,18,15,0,1,1,16,4,11,3,3,4,2,2,18,15,0,1,1,1388
Tunisko,788,TN,TUN,114,39,3,9,8,18,7,9,3,2,20,11,18,6,24,4,4,3,9,4,6,3,1,11,3,6,1,16,6,4,2,4,4,4,0,0,7,0,5,1,15,6,4,2,5,2,4,0,0,7,1,5,1,40,2,9,8,18,7,8,3,1,17,9,19,6,22,3,4,3,8,4,6,3,1,9,3,6,1,23,3,4,2,8,4,5,2,1,9,3,6,1,24,5,4,2,8,3,4,2,0,7,3,6,1,20,4,4,2,7,3,4,2,0,6,3,6,1,22,5,4,2,8,3,4,2,0,6,3,6,1,26,3,5,5,12,4,5,5,0,10,4,8,1,17,6,4,2,5,2,4,0,0,6,1,5,1,26,4,4,4,11,4,6,4,1,10,4,7,1,39,3,10,7,17,7,8,3,1,13,9,19,5,25,4,3,3,10,4,6,4,1,10,4,7,1,18,4,4,2,7,2,4,1,0,6,2,5,1,1331
Uzbekistán,860,UZ,UZB,627,67,2,18,9,5,4,5,4,4,8,7,1,0,19,3,15,4,5,3,8,2,3,6,3,0,0,10,1,12,5,1,1,7,4,2,7,1,1,0,11,1,13,5,1,1,7,4,3,7,1,1,0,69,2,19,8,6,4,5,4,4,9,7,1,0,21,2,14,6,5,3,8,2,3,5,3,0,0,21,2,14,6,5,3,8,2,3,6,3,0,0,19,3,13,6,7,3,8,3,3,7,3,0,0,16,1,16,5,6,3,6,4,3,7,1,1,0,15,1,13,6,8,3,6,3,3,7,3,0,0,27,0,18,4,3,3,7,2,4,4,4,0,0,11,0,13,5,3,3,7,4,2,6,1,1,0,27,0,18,4,4,3,8,2,2,5,4,0,0,77,0,18,8,6,5,5,4,3,8,7,1,0,21,3,19,5,5,3,8,2,1,6,4,0,0,13,2,15,5,4,3,7,4,2,8,1,1,0,1300
Egypt,818,EG,EGY,76,16,2,3,5,13,5,6,12,2,23,6,20,6,16,3,1,5,9,4,6,6,2,7,7,10,3,10,3,2,3,7,4,5,3,1,6,9,5,2,11,3,2,3,7,4,4,3,1,7,9,5,3,16,2,3,5,13,5,5,13,2,22,6,20,4,15,3,1,4,8,4,7,6,2,7,7,10,3,14,3,1,4,8,5,8,6,2,9,7,10,3,13,3,1,4,8,3,8,6,1,9,7,9,3,13,3,2,3,7,3,6,3,1,9,7,6,2,12,3,2,3,7,3,7,5,1,9,7,9,2,16,3,1,6,9,4,8,6,1,8,6,13,1,10,3,2,3,7,4,5,3,1,8,8,6,2,15,3,1,5,9,4,8,5,2,9,7,11,3,17,2,3,5,13,5,5,14,2,22,6,20,4,15,3,1,5,9,4,8,5,2,9,7,11,3,12,3,2,3,8,4,5,4,1,8,8,6,1,1294
Severní Makedonie,807,MK,MKD,145,27,14,9,2,55,4,8,8,3,28,21,36,9,0,0,0,0,0,0,0,0,0,0,0,0,0,0,0,0,0,0,0,0,0,0,0,0,0,0,0,0,0,0,0,0,0,0,0,0,0,0,0,27,13,9,2,54,4,8,8,3,27,20,34,9,0,0,0,0,0,0,0,0,0,0,0,0,0,0,0,0,0,0,0,0,0,0,0,0,0,0,0,0,0,0,0,0,0,0,0,0,0,0,0,0,0,0,0,0,0,0,0,0,0,0,0,0,0,0,0,0,0,0,0,0,0,0,0,0,0,34,5,9,3,50,1,9,4,3,21,16,38,7,0,0,0,0,0,0,0,0,0,0,0,0,0,32,5,9,3,50,1,9,2,3,20,15,34,7,24,12,9,2,56,4,8,7,2,26,21,37,9,32,5,9,3,50,1,9,2,3,21,16,35,7,0,0,0,0,0,0,0,0,0,0,0,0,0,1242
Irsko,372,IE,IRL,192,21,8,9,3,7,6,1,3,5,22,7,9,6,16,5,13,4,4,1,2,3,3,10,2,8,3,13,6,12,3,3,0,4,3,2,9,3,6,2,14,6,12,3,3,0,4,3,2,9,3,6,2,20,8,9,3,7,6,1,3,5,21,7,9,6,14,5,13,4,4,0,3,3,3,10,2,6,3,14,5,13,4,4,0,3,3,3,10,2,6,3,14,5,12,4,3,0,3,3,3,9,3,5,3,15,6,12,3,3,0,3,3,3,9,3,5,3,15,6,12,4,3,0,4,3,3,9,3,5,3,15,5,13,4,5,2,1,3,3,15,3,8,6,14,6,12,3,3,0,4,3,3,10,3,5,2,16,5,13,4,4,2,1,3,3,12,2,8,5,20,9,9,3,7,6,1,3,5,21,7,8,6,16,5,13,4,4,1,1,3,3,12,2,8,4,15,6,12,3,3,0,3,3,3,9,3,5,2,1241
Belgie,056,BE,BEL,89,31,7,4,3,5,5,8,2,2,10,2,3,2,23,7,4,3,7,5,6,1,2,7,1,2,3,18,6,4,4,7,5,5,1,2,6,1,3,3,18,7,4,4,6,5,5,1,2,5,1,3,3,31,7,4,3,6,5,8,2,2,10,1,3,2,24,7,4,3,7,5,6,1,2,6,1,2,3,22,7,4,3,7,5,6,1,2,6,1,2,3,21,7,4,4,6,5,5,1,2,5,1,2,3,20,7,4,4,6,5,5,1,2,6,1,2,3,20,7,4,4,6,5,5,1,2,5,1,2,3,26,8,4,3,7,5,7,1,2,9,2,2,2,19,7,4,4,6,5,5,1,2,5,1,3,3,23,7,4,3,7,5,6,1,2,9,2,2,3,30,7,4,3,6,5,8,2,2,10,1,3,2,23,7,4,3,7,5,6,1,2,8,1,2,3,20,7,4,4,6,5,5,1,2,6,1,3,3,1144
Čad,148,TD,TCD,34,16,4,9,2,7,2,14,2,3,21,3,7,1,10,3,9,1,6,4,11,2,2,10,4,4,1,9,4,9,0,8,3,10,3,1,8,2,4,0,9,4,9,0,7,3,10,3,1,7,3,4,0,16,4,9,2,7,2,13,2,3,20,2,7,1,10,3,10,1,6,4,11,2,2,9,3,4,0,10,3,10,1,6,4,11,2,2,9,3,4,0,11,3,10,0,6,4,11,2,2,9,3,4,0,9,4,9,0,6,3,11,2,1,9,3,4,0,9,4,9,0,6,3,11,2,2,9,3,4,0,11,2,9,1,6,4,10,2,3,11,4,4,1,9,4,9,0,6,3,11,3,1,8,3,4,0,11,2,9,1,6,4,10,2,3,10,4,4,1,15,5,9,3,7,3,13,2,3,19,3,6,1,10,2,9,1,6,4,11,2,2,10,4,4,1,9,4,9,0,6,3,11,3,1,9,3,4,0,1098
Švédsko,752,SE,SWE,161,23,2,21,1,13,0,0,1,5,10,2,5,1,22,1,12,1,15,2,0,0,3,7,1,3,0,10,2,2,4,11,2,0,0,3,8,0,4,2,10,2,2,1,12,2,0,0,3,8,0,3,1,23,2,20,1,13,0,0,1,5,10,2,5,1,22,1,9,1,15,2,0,0,3,7,1,3,0,18,1,8,1,15,2,0,0,3,8,1,3,0,19,1,7,1,15,2,0,0,3,8,1,3,0,10,1,2,1,13,2,0,0,3,8,0,3,0,18,1,7,1,15,2,0,0,3,8,0,3,0,25,1,17,1,16,2,0,0,4,9,1,6,0,11,2,2,1,12,2,0,0,3,8,0,3,0,24,1,19,1,16,2,0,0,4,8,1,6,0,23,2,20,1,13,0,0,1,5,10,2,6,1,23,1,19,1,15,2,0,0,4,8,1,5,0,10,1,2,1,13,2,0,0,3,8,0,3,0,1025
Kanada,124,CA,CAN,126,12,9,3,3,1,3,4,7,0,9,3,7,7,12,8,5,1,2,3,4,6,0,4,4,6,5,10,7,3,1,1,3,3,5,0,5,3,4,6,10,7,4,1,1,3,3,5,0,5,4,6,5,10,9,3,3,1,3,4,7,0,11,3,8,7,12,8,4,1,1,3,4,6,0,4,4,6,5,12,8,4,1,1,3,4,5,0,5,4,6,5,12,7,4,1,1,3,4,5,0,5,4,6,5,12,7,4,1,1,3,4,5,0,5,4,6,5,12,7,4,1,1,3,4,5,0,5,4,6,5,12,8,4,2,1,3,4,6,0,4,4,7,6,10,7,4,1,1,3,4,5,0,6,4,5,5,13,8,4,2,1,3,4,6,0,4,4,7,6,10,9,3,3,1,3,4,7,0,9,3,8,7,12,9,5,2,2,3,4,6,0,4,4,7,6,11,7,4,1,1,3,4,5,0,4,4,6,5,953
Alžírsko,012,DZ,DZA,102,27,4,4,1,16,2,1,1,4,11,6,6,2,26,3,0,0,9,2,0,1,1,9,3,2,1,22,3,0,1,8,2,1,1,1,9,2,3,0,22,3,0,1,7,2,1,1,1,9,2,2,0,25,4,4,1,16,2,1,1,3,9,6,6,3,25,3,0,0,8,2,0,1,1,8,3,2,1,23,4,0,0,8,2,0,1,1,8,3,2,1,22,4,0,0,8,2,0,1,1,8,3,2,1,20,4,0,0,7,2,1,1,1,8,3,2,1,21,4,0,0,7,2,0,1,1,8,3,2,1,25,3,1,0,10,3,0,1,1,10,2,3,4,19,4,0,1,7,2,1,1,1,8,3,2,1,28,3,0,0,9,2,0,1,1,10,3,3,2,26,4,3,1,15,2,1,1,2,10,6,6,3,28,3,0,0,9,2,0,1,1,9,3,2,2,19,4,0,1,7,2,1,1,1,8,3,2,1,951
Lotyšsko,428,LV,LVA,99,23,4,7,5,5,0,1,0,13,4,1,4,3,17,10,5,1,4,0,1,1,9,3,0,1,2,8,11,5,2,4,1,1,0,8,20,0,1,1,8,10,5,2,4,1,1,0,8,13,0,1,1,22,4,8,5,5,0,1,0,13,5,1,4,3,8,10,5,1,4,0,1,1,9,3,0,1,2,9,10,5,1,4,1,1,0,9,3,0,1,2,9,10,4,1,4,1,1,0,8,3,0,1,2,8,10,5,1,4,1,1,0,8,3,0,1,1,8,10,4,1,4,1,1,0,8,3,0,1,2,18,10,7,3,5,0,1,0,9,3,0,1,2,8,10,5,2,4,1,1,0,8,3,0,1,1,18,10,7,3,4,0,1,1,9,3,0,1,2,21,4,9,5,5,0,1,0,13,5,1,4,3,18,10,6,2,4,0,1,1,9,3,0,1,2,8,10,5,1,4,1,1,0,8,3,0,1,1,865
Thajsko,764,TH,THA,183,23,8,17,5,12,2,0,4,2,6,5,3,2,12,5,7,2,7,2,1,1,0,6,2,2,3,7,4,10,3,2,1,2,1,0,4,1,2,2,8,4,9,3,2,1,2,1,0,4,1,1,2,23,8,15,6,12,2,0,4,2,6,5,3,2,11,5,7,2,6,2,1,1,0,6,2,2,3,11,4,7,1,7,2,1,1,0,6,2,2,3,12,4,6,2,4,1,1,1,0,6,1,2,3,10,4,7,2,3,1,1,1,0,5,1,2,2,12,4,6,2,3,1,1,1,0,5,1,2,2,13,9,8,2,10,2,1,2,0,6,3,2,3,8,3,7,3,2,1,2,1,0,4,1,1,2,14,6,6,2,7,2,1,2,0,6,2,2,3,21,7,14,6,12,2,0,4,1,7,5,3,2,13,5,8,2,7,2,1,2,0,6,2,2,3,10,3,7,3,3,1,1,1,0,5,1,2,2,846
Indie,356,IN,IND,220,17,3,4,3,5,4,1,3,3,39,3,20,2,5,1,1,3,4,1,1,1,0,13,2,6,2,7,0,2,3,3,2,1,1,0,8,0,6,1,7,0,1,3,3,3,1,1,0,9,1,6,1,18,3,3,3,5,3,1,3,3,32,3,18,2,5,1,1,3,4,1,1,1,0,12,2,6,2,5,1,1,3,4,1,1,1,0,13,3,6,1,6,1,1,3,3,2,1,1,0,11,3,6,1,6,1,0,3,4,2,1,1,0,9,2,6,1,5,1,1,3,4,1,1,1,0,10,3,6,1,5,0,0,3,3,1,1,1,0,14,3,9,2,6,0,0,2,3,2,1,1,0,9,1,7,1,4,1,0,3,3,0,1,1,0,13,4,8,2,18,2,2,3,4,3,1,3,3,29,3,15,2,4,1,1,3,4,0,1,1,0,13,3,7,2,6,0,0,3,4,2,1,1,0,10,1,6,1,783
Austrálie,036,AU,AUS,68,7,6,5,0,5,4,2,4,0,6,2,5,2,6,5,3,0,4,4,4,8,0,7,2,3,3,3,5,3,0,5,4,4,6,0,7,2,2,3,3,5,3,0,5,4,4,6,0,6,2,2,3,7,7,5,0,4,5,3,4,0,6,2,4,2,5,5,3,0,4,4,4,8,0,7,2,3,3,5,5,3,0,5,4,4,7,0,6,2,3,3,3,5,3,0,5,4,4,7,0,6,2,3,3,3,5,3,0,5,4,4,7,0,4,2,3,3,3,5,3,0,5,4,4,8,0,5,2,3,3,5,5,4,1,3,4,4,7,0,7,2,3,3,3,5,3,0,5,4,4,6,0,6,2,2,3,5,5,3,1,4,4,4,7,0,7,2,3,3,6,7,5,0,4,5,4,5,0,6,2,4,2,4,5,3,1,4,4,4,7,0,8,2,3,3,3,5,3,0,5,4,4,6,0,5,3,2,3,741
Kyrgyzstán,417,KG,KGZ,101,17,0,1,22,9,3,0,0,0,6,1,0,2,11,0,1,17,5,1,0,0,0,2,1,0,1,5,1,1,16,4,1,0,0,0,3,1,0,1,5,1,1,16,4,1,0,0,0,3,1,0,1,15,1,1,21,8,3,0,0,0,6,1,0,2,10,1,1,18,5,1,0,0,0,2,1,0,1,8,1,1,18,5,1,0,0,0,2,1,0,1,8,1,1,17,5,1,0,0,0,2,1,0,1,6,1,1,18,5,1,0,0,0,2,1,0,1,8,1,1,17,5,1,0,0,0,2,1,0,1,11,0,0,17,5,1,0,0,0,2,2,0,1,5,1,1,17,4,1,0,0,0,3,1,0,1,10,1,1,17,5,1,0,0,0,2,2,0,1,13,1,1,20,8,3,0,0,0,5,1,0,2,11,1,1,17,5,1,0,0,0,2,2,0,1,6,1,1,17,5,1,0,0,0,2,1,0,1,655
Portugalsko,620,PT,PRT,124,12,1,5,3,3,7,3,0,2,15,1,9,1,5,0,4,2,2,2,2,1,2,8,1,5,1,6,0,3,2,1,2,1,1,1,6,1,5,0,5,0,4,2,1,2,1,1,1,6,1,5,0,12,1,5,3,4,7,4,0,2,15,2,9,1,5,0,4,2,1,2,2,1,2,8,1,5,1,5,0,4,2,1,2,1,1,2,9,1,5,1,5,0,4,2,1,2,1,1,2,10,1,5,1,5,0,4,2,1,2,1,1,2,8,1,4,1,5,0,4,2,1,2,1,1,2,10,1,5,1,6,1,6,2,2,3,2,0,2,10,1,6,1,5,0,4,2,1,2,1,1,1,7,1,5,0,5,1,5,2,2,2,2,0,2,11,1,5,1,12,1,5,2,3,6,4,0,2,14,1,9,1,5,0,4,2,2,2,2,1,2,9,1,6,1,5,0,4,2,1,2,1,1,1,7,1,5,1,629
Afghánistán,004,AF,AFG,29,13,0,2,2,7,3,0,0,3,14,3,5,0,6,1,0,2,7,1,0,0,2,12,3,2,0,7,0,0,1,6,2,0,0,1,13,4,2,0,7,0,0,1,6,2,0,0,1,13,4,2,0,12,0,2,2,8,3,0,0,3,14,3,6,0,7,0,0,2,7,1,0,0,1,12,3,2,0,7,0,0,2,7,1,0,0,1,13,3,2,0,7,0,0,2,7,1,0,0,1,13,3,2,0,7,0,0,2,7,2,0,0,1,11,3,2,0,7,0,0,2,7,2,0,0,1,13,3,2,0,7,0,0,2,7,1,0,0,2,13,3,2,0,7,0,0,2,6,2,0,0,1,12,4,2,0,6,1,0,2,7,1,0,0,2,13,3,2,0,9,0,2,2,7,3,0,0,3,14,3,5,0,6,1,0,2,7,1,0,0,2,12,3,2,0,7,0,0,2,7,2,0,0,1,12,3,2,0,622
Irák,368,IQ,IRQ,35,6,0,3,1,8,1,1,6,1,19,0,3,2,7,0,2,1,7,1,1,4,1,9,0,3,0,9,1,1,1,8,1,1,0,0,8,0,3,0,9,1,1,1,7,1,1,0,0,9,0,3,0,6,0,2,1,8,1,1,6,1,18,0,3,2,9,0,2,1,7,1,1,4,1,9,0,2,0,9,0,1,1,7,1,1,4,1,9,0,3,0,9,0,1,1,7,1,1,4,0,9,0,3,0,9,1,1,1,7,1,1,2,0,8,0,3,0,9,1,1,1,7,1,1,4,0,9,0,3,0,9,0,2,1,8,1,1,4,1,10,0,4,0,9,2,1,1,7,1,1,2,0,9,0,3,0,8,0,2,1,8,1,1,4,1,9,0,4,0,6,0,2,1,9,1,1,6,1,17,0,3,1,8,0,2,1,7,1,1,4,1,9,0,3,0,9,1,1,1,7,1,1,2,0,8,0,2,0,617
Slovinsko,705,SI,SVN,51,9,2,2,3,2,1,2,2,1,13,1,6,1,8,2,1,3,3,2,2,2,0,7,1,7,2,6,2,0,2,2,2,1,1,0,7,1,5,2,6,2,0,2,2,2,1,1,0,8,1,5,2,9,2,2,3,2,0,2,2,1,13,1,6,1,8,2,1,3,3,2,2,2,0,7,1,7,2,8,2,1,3,3,2,2,2,0,7,0,7,2,6,2,0,3,3,2,2,2,0,7,0,7,1,6,2,0,3,3,2,1,1,0,9,0,5,2,6,2,0,3,3,2,1,1,0,7,0,6,2,8,4,1,2,2,2,2,2,0,7,1,7,2,6,2,0,3,2,2,1,1,0,9,1,5,2,8,3,1,3,2,2,2,2,0,7,1,7,2,9,2,2,3,2,0,2,2,0,13,1,6,1,8,3,1,3,3,2,2,2,0,7,1,7,2,6,2,0,3,2,2,1,1,0,9,0,5,2,604
Kosovo,095,XK,XXK,24,9,1,2,10,5,1,5,7,3,9,4,4,1,8,1,4,7,5,0,1,3,1,4,1,3,0,5,0,3,3,3,1,2,1,0,4,1,2,0,5,0,3,3,3,1,2,1,0,5,1,2,0,8,1,2,10,5,1,5,6,3,9,4,5,1,7,0,4,6,4,0,1,3,1,4,1,3,0,7,0,4,6,4,0,1,3,1,4,1,2,0,6,0,4,6,4,0,1,3,1,4,1,2,0,6,0,4,5,4,0,2,1,1,4,1,2,0,6,0,4,5,4,0,2,2,1,4,1,2,0,8,1,3,6,5,0,1,4,1,5,1,6,0,5,0,3,4,3,0,2,1,0,4,1,2,0,8,1,3,7,5,0,1,3,1,4,1,4,0,9,1,2,8,5,0,5,6,3,9,3,5,1,7,1,4,7,5,0,1,3,1,4,1,3,0,5,0,4,4,4,0,2,1,1,4,1,2,0,596
Švýcarsko,756,CH,CHE,46,6,9,3,4,5,5,2,1,2,3,0,2,0,7,5,1,6,1,5,2,1,1,4,0,3,2,7,3,1,5,1,4,1,1,1,5,0,3,1,7,3,1,5,1,4,1,1,1,5,0,3,1,6,9,3,4,5,5,2,1,2,3,0,2,0,7,5,1,6,1,5,2,1,1,5,0,3,2,7,4,1,7,1,5,2,1,1,5,0,3,2,7,4,1,7,1,4,2,1,1,5,0,3,2,8,3,1,6,2,4,1,1,1,5,0,3,2,8,3,1,6,2,4,1,1,1,5,0,3,2,6,6,1,5,2,5,2,0,1,4,0,3,1,7,3,1,5,1,4,1,1,1,5,0,3,1,6,5,1,5,1,5,2,1,1,4,0,3,2,6,9,2,4,5,5,2,1,1,3,0,2,0,6,5,1,5,1,5,2,1,1,4,0,3,2,7,2,1,5,2,4,1,1,1,6,0,3,1,593
Izrael,376,IL,ISR,111,26,3,1,2,11,0,3,2,0,9,2,3,1,11,1,0,2,3,0,2,1,0,3,1,1,1,9,0,2,4,4,1,3,1,0,4,0,1,1,11,1,1,3,4,1,3,1,0,3,0,1,1,26,2,1,2,11,0,3,2,0,9,1,3,2,11,1,0,2,3,0,2,1,0,3,1,1,1,11,1,0,3,3,1,2,1,0,3,1,1,1,10,1,0,3,3,1,3,1,0,3,1,1,1,11,1,0,3,4,1,3,1,0,5,1,1,1,10,1,0,3,3,1,3,1,0,3,1,1,1,20,2,0,2,3,0,3,1,0,4,1,1,1,10,1,1,3,4,1,3,1,0,3,1,1,1,14,1,0,2,3,0,3,1,0,3,1,1,1,27,3,1,2,11,0,3,2,0,9,1,3,2,13,1,0,2,3,0,3,1,0,3,1,1,1,10,1,1,3,4,1,3,1,0,4,1,1,1,575
Nigérie,566,NG,NGA,168,14,2,1,0,12,3,1,3,2,13,0,4,1,7,1,0,1,12,1,1,1,0,4,0,3,1,6,1,0,2,12,1,1,1,0,3,0,2,1,6,1,0,2,12,1,1,1,0,3,0,2,1,13,2,1,0,13,3,1,2,2,12,0,5,3,6,1,0,1,12,1,1,1,0,4,0,3,1,7,1,0,1,11,1,1,1,1,4,0,3,1,7,1,0,1,11,1,1,1,0,4,0,2,1,7,1,0,1,12,1,1,1,0,3,0,2,1,8,1,0,1,11,1,1,1,0,4,0,2,1,11,1,0,0,13,1,1,1,0,5,0,2,1,8,1,0,1,12,1,1,1,0,3,0,2,1,8,1,0,1,12,1,1,1,0,4,0,2,1,13,2,1,0,13,3,1,3,2,9,0,4,2,8,1,0,1,12,1,1,1,0,4,0,2,1,7,1,0,1,12,1,1,1,0,3,0,2,1,573
Kuba,192,CU,CUB,39,10,2,1,1,8,2,2,1,0,3,1,4,1,8,1,1,1,7,2,2,0,1,1,3,2,2,7,1,1,0,5,2,3,0,1,2,3,2,3,7,1,1,0,5,2,3,0,1,2,3,2,3,10,2,1,1,8,2,2,1,0,3,1,3,1,8,1,1,1,6,2,2,0,1,1,3,2,2,8,1,1,1,6,2,2,0,1,1,3,2,2,8,1,1,0,6,2,2,0,1,1,3,2,2,8,1,1,0,6,2,2,0,1,1,4,2,2,8,1,1,0,6,2,2,0,1,1,4,2,2,10,1,1,1,7,2,2,0,0,1,3,2,2,7,1,1,0,5,2,3,0,1,2,4,2,3,9,1,1,1,7,2,2,0,1,1,3,2,2,10,2,1,1,9,2,2,1,0,3,1,3,1,8,1,1,1,7,2,2,0,1,1,3,2,2,8,1,1,0,6,2,2,0,1,2,4,2,2,504
Gruzie,268,GE,GEO,99,17,3,1,4,3,1,1,2,4,4,1,2,1,10,2,1,5,1,1,0,1,0,4,1,2,0,7,2,2,6,2,1,0,1,0,3,0,3,0,7,2,2,6,2,1,0,1,0,3,0,3,0,18,3,1,4,3,1,1,2,4,4,1,2,1,10,2,1,5,1,1,0,1,0,4,1,2,0,9,2,1,5,1,1,0,1,0,4,1,2,0,9,2,1,5,1,1,0,1,0,4,0,3,0,9,2,1,5,1,1,0,1,0,4,0,3,0,9,2,1,5,1,1,0,1,0,4,0,3,0,11,2,6,5,2,1,0,1,0,5,1,2,0,7,2,1,6,1,1,0,1,0,4,0,3,0,10,2,2,5,1,1,0,1,0,5,1,2,0,15,3,2,4,3,1,0,1,3,5,1,2,1,11,2,2,5,1,1,0,1,0,5,1,2,0,8,2,1,5,1,1,0,1,0,4,0,3,0,497
Albánie,008,AL,ALB,24,9,1,1,1,3,2,1,2,4,4,2,3,5,6,2,1,1,3,1,2,1,1,2,0,2,4,8,4,1,1,2,1,2,1,1,2,1,1,4,8,4,1,1,3,1,2,1,1,2,1,1,4,9,1,2,1,3,2,1,2,3,4,1,3,5,6,4,1,1,3,1,2,1,1,2,0,2,4,7,4,1,1,3,1,2,1,1,2,1,2,4,7,4,1,1,3,1,2,1,1,2,1,2,4,7,4,1,1,3,1,2,1,1,2,1,2,4,8,4,1,1,3,1,2,1,1,2,1,2,4,7,2,1,1,4,1,1,1,1,2,0,2,4,7,4,1,1,3,1,2,1,1,2,1,1,4,7,2,1,1,3,1,2,1,1,1,0,2,4,11,2,2,1,3,2,1,2,3,3,1,3,5,7,2,1,1,3,1,2,1,1,2,0,2,4,7,4,1,1,3,1,2,1,1,2,1,1,4,486
Pákistán,586,PK,PAK,68,7,1,5,3,5,1,1,0,2,6,1,3,0,10,0,5,1,5,0,1,0,1,4,1,1,0,10,0,5,0,5,0,2,0,1,3,1,1,0,10,0,5,0,6,0,2,0,1,2,1,1,0,8,1,5,3,5,1,1,0,2,6,1,3,0,10,0,5,1,5,0,1,0,1,4,1,1,0,10,0,5,1,5,0,2,0,1,4,1,1,0,10,0,5,0,6,0,2,0,1,4,1,1,0,9,0,5,0,6,0,2,0,1,4,1,1,0,9,0,5,0,6,0,2,0,1,4,1,1,0,8,1,5,0,4,0,1,0,1,5,1,3,0,10,0,5,0,5,0,2,0,1,3,1,1,0,11,0,5,1,4,0,1,0,1,5,1,2,0,9,1,5,2,4,1,1,0,2,5,1,3,0,10,0,5,1,5,0,1,0,1,5,1,1,0,9,0,5,0,5,0,2,0,1,4,1,1,0,483
Peru,604,PE,PER,27,17,1,1,0,5,1,2,2,0,7,1,2,0,10,0,0,0,6,0,1,0,0,8,1,2,0,10,0,0,0,5,0,1,0,0,8,1,2,1,9,0,0,0,5,0,1,0,0,8,1,2,0,16,1,1,0,5,1,2,1,0,7,1,2,0,10,0,0,0,5,0,1,0,0,7,1,2,0,10,0,0,0,5,0,1,0,0,7,1,2,0,10,0,0,0,5,0,1,0,0,7,1,2,0,9,0,0,0,5,0,1,0,0,8,1,2,0,9,0,0,0,5,0,1,0,0,7,1,2,0,11,0,0,0,6,1,1,0,0,8,1,2,0,9,0,0,0,5,0,1,0,0,8,1,2,0,10,0,0,0,6,1,1,0,0,8,1,2,0,16,1,1,0,5,1,2,1,0,7,1,2,0,10,0,0,0,6,0,1,0,0,8,1,2,0,9,0,0,0,5,0,1,0,0,8,1,2,0,463
Jižní Afrika,710,ZA,ZAF,39,7,1,1,3,1,1,0,1,0,9,4,1,4,6,3,0,2,2,1,0,0,0,9,2,1,2,4,3,0,1,2,1,1,0,0,8,2,1,2,4,4,0,1,2,1,1,0,0,8,2,1,2,6,1,1,2,1,1,0,1,0,9,4,1,5,6,3,0,2,1,1,0,0,0,9,2,1,2,6,3,0,2,1,1,0,0,0,9,2,1,2,5,3,0,2,1,1,0,0,0,9,2,1,2,5,4,0,2,1,1,1,0,0,8,2,1,2,5,3,0,2,1,1,1,0,0,8,2,1,2,8,3,0,2,2,1,0,0,0,8,3,1,2,4,4,0,1,2,1,1,0,0,8,2,1,2,9,3,0,2,2,1,0,0,0,10,2,1,2,7,1,1,2,1,1,0,0,0,9,4,1,5,6,3,0,2,2,1,0,0,0,9,2,1,2,5,4,0,2,1,1,1,0,0,8,2,1,2,452
Japonsko,392,JP,JPN,82,14,0,2,0,3,1,2,2,0,7,1,2,0,9,0,0,0,3,0,2,2,0,6,2,1,1,6,0,0,0,2,0,2,2,1,6,1,1,1,6,0,0,0,2,0,2,2,1,6,1,1,1,13,0,2,0,3,1,2,2,0,8,1,2,0,8,0,0,0,3,0,2,2,0,6,2,1,1,8,0,0,0,3,0,2,2,0,5,2,1,1,8,0,0,0,3,0,2,2,1,5,2,1,1,8,0,0,0,3,0,2,2,1,6,1,1,1,8,0,0,0,3,0,2,2,1,5,1,1,1,11,0,0,0,3,1,2,2,0,6,2,1,1,7,0,0,0,2,0,2,2,1,6,1,1,1,10,1,0,0,3,0,2,2,0,5,2,1,1,13,0,2,0,3,1,2,2,0,6,1,2,0,10,1,0,0,3,0,2,2,0,6,2,1,1,8,0,0,0,3,0,2,2,1,6,1,1,1,425
Libanon,422,LB,LBN,38,7,0,2,1,11,2,2,1,1,0,5,1,1,4,1,2,1,7,2,1,4,1,0,2,1,0,1,1,2,1,6,2,1,3,1,0,2,0,0,1,1,2,1,6,2,1,4,1,0,2,1,0,7,0,2,1,11,2,2,1,1,0,5,1,1,4,1,2,1,7,2,1,4,1,0,2,1,0,4,1,2,1,7,2,1,4,1,0,1,1,0,4,1,2,1,7,2,1,4,1,0,2,1,0,2,1,2,1,6,2,1,4,1,0,2,1,0,3,1,2,1,7,2,1,4,1,0,2,1,0,5,1,2,1,7,2,3,2,1,0,2,1,0,1,1,2,1,6,2,1,4,1,0,2,1,0,4,1,2,1,7,2,3,3,1,0,2,1,0,7,0,2,1,11,2,2,1,1,0,4,1,2,4,1,2,1,7,2,2,3,1,0,2,1,0,2,1,2,1,6,2,1,4,1,0,2,1,0,420
Alandy,248,AX,ALA,6,4,1,0,1,4,1,1,0,0,4,0,3,0,5,0,0,4,4,1,2,0,0,6,1,3,0,6,0,0,6,4,1,2,0,0,6,1,5,0,6,0,0,6,4,1,2,0,0,6,1,4,0,4,1,0,1,4,1,1,0,0,4,0,3,0,5,0,0,4,5,1,2,0,0,6,1,3,0,5,0,0,4,5,1,2,0,0,6,1,3,0,5,0,0,5,5,1,2,0,0,6,1,3,0,5,0,0,6,5,1,2,0,0,6,1,4,0,5,0,0,6,5,1,2,0,0,6,1,3,0,4,0,0,4,4,1,2,0,0,6,1,3,0,6,0,0,6,4,1,2,0,0,6,1,4,0,4,0,0,4,4,1,2,0,0,6,1,3,0,4,1,0,1,4,1,1,0,0,4,0,3,0,4,0,0,4,4,1,2,0,0,6,1,3,0,6,0,0,6,4,1,2,0,0,6,1,4,0,420
Ázerbájdžán,031,AZ,AZE,139,15,2,5,5,7,0,1,3,2,7,4,3,0,4,1,1,4,4,0,1,1,0,1,4,0,0,3,0,2,4,4,0,1,0,0,2,4,0,0,5,0,2,4,4,0,1,0,0,2,4,0,0,14,2,4,5,5,1,2,2,2,7,4,2,0,4,1,1,4,4,0,1,1,0,1,4,0,0,4,1,1,3,4,0,1,0,0,2,4,0,0,5,1,1,3,4,0,1,0,0,3,4,0,0,4,1,1,4,4,0,1,0,0,2,3,0,0,5,1,1,3,4,0,1,0,0,2,4,0,0,6,1,1,4,4,0,2,1,0,1,3,1,0,4,1,1,4,4,0,1,0,0,2,3,0,0,4,1,1,4,3,0,2,1,0,1,3,1,0,14,2,3,5,5,1,1,1,1,6,3,2,0,5,1,1,4,3,0,1,1,0,1,3,0,0,4,1,1,4,4,0,1,0,0,2,3,0,0,420
Dánsko,208,DK,DNK,69,9,2,1,0,3,7,0,0,1,5,0,6,1,7,1,1,1,4,2,0,0,2,3,0,4,1,6,0,1,1,4,1,0,0,1,3,1,4,1,6,0,1,1,4,1,0,0,1,3,1,4,1,9,2,1,0,3,7,0,0,1,4,0,6,1,7,0,1,1,4,4,0,0,2,3,0,4,1,7,0,1,1,4,2,0,0,2,3,0,4,1,6,0,1,1,4,2,1,0,2,3,0,4,1,6,0,1,1,4,1,0,0,1,3,0,4,1,6,0,1,1,4,2,0,0,1,3,0,4,1,7,0,1,1,4,4,0,0,2,3,0,4,1,6,0,1,1,4,1,0,0,1,3,0,4,1,7,1,1,1,4,2,0,0,2,3,0,4,1,9,2,1,0,3,7,0,0,1,4,0,4,1,7,1,1,1,4,2,0,0,2,3,0,4,1,6,0,1,1,4,1,0,0,1,3,0,4,1,418
Mexiko,484,MX,MEX,77,16,4,1,0,1,0,4,3,1,11,1,4,5,8,1,2,0,0,0,3,2,0,3,1,2,1,2,1,2,1,0,0,2,2,0,3,1,2,0,2,1,2,1,0,0,2,2,0,3,1,2,0,16,4,1,0,1,0,4,3,0,11,1,4,5,7,1,3,1,0,0,3,2,0,2,1,2,0,6,1,3,1,0,0,3,2,0,2,1,2,0,6,1,2,1,0,0,2,2,0,2,1,2,0,4,1,1,1,0,0,2,2,0,2,1,2,0,4,1,1,1,0,0,2,2,0,2,1,2,0,8,2,1,1,0,0,3,2,0,4,1,2,1,3,1,2,1,0,0,2,2,0,3,1,2,0,7,1,2,0,0,0,3,2,0,3,1,2,1,12,4,1,0,1,0,4,3,0,10,1,3,4,7,1,2,0,0,0,3,2,0,3,1,2,1,4,1,2,1,0,0,2,2,0,2,1,2,0,396
Ghana,288,GH,GHA,56,6,0,2,0,7,1,2,5,0,12,1,0,1,4,0,0,0,7,1,1,3,0,3,1,0,1,4,0,0,0,7,1,1,3,0,3,1,0,1,3,0,0,0,7,1,1,3,0,3,1,0,1,6,0,2,0,6,1,2,5,0,12,1,0,1,4,0,0,0,7,1,1,3,0,3,1,0,1,4,0,0,0,7,1,1,3,0,4,2,0,1,4,0,0,0,7,1,1,3,0,5,2,0,1,4,0,0,0,7,1,1,3,0,5,1,0,1,4,0,0,0,7,1,1,3,0,5,2,0,1,3,0,0,0,7,1,1,3,0,3,1,0,1,3,0,0,0,7,1,1,3,0,3,1,0,1,4,0,0,0,7,1,1,3,0,3,1,0,1,6,0,1,0,6,2,2,6,0,12,1,0,1,4,0,0,0,7,1,1,3,0,3,1,0,1,3,0,0,0,7,1,1,3,0,4,1,0,1,390
Angola,024,AO,AGO,11,2,1,0,0,2,3,1,1,0,7,2,1,2,2,2,0,0,2,3,1,1,0,6,3,1,2,2,2,0,0,3,2,1,1,0,6,3,2,2,2,2,0,0,3,2,1,1,0,6,3,2,2,2,1,0,0,2,3,1,1,0,6,2,1,2,2,2,0,0,2,3,1,1,0,6,3,1,2,2,2,0,0,2,3,1,1,0,6,3,1,2,2,2,0,0,2,3,1,1,0,6,3,1,2,2,2,0,0,2,3,1,1,0,6,3,1,2,2,2,0,0,2,3,1,1,0,6,3,1,2,2,2,0,0,2,3,1,1,0,6,3,1,2,2,2,0,0,3,2,1,1,0,6,3,2,2,2,2,0,0,2,3,1,1,0,6,3,1,2,2,1,0,0,2,3,1,1,0,6,3,1,2,2,2,0,0,2,3,1,1,0,6,3,1,2,2,2,0,0,2,3,1,1,0,6,3,1,2,367
Brazílie,076,BR,BRA,76,3,0,3,1,3,1,1,0,1,7,1,4,2,5,2,2,0,2,0,1,1,0,7,1,1,0,2,2,1,0,3,0,1,2,0,4,0,2,0,2,2,1,0,3,0,1,2,0,5,0,2,0,4,0,2,1,3,1,1,0,1,7,1,4,2,5,2,2,0,2,0,1,1,0,7,1,1,0,5,3,1,0,3,0,1,1,0,7,1,2,0,4,3,1,0,3,0,1,1,0,6,1,2,0,2,3,1,0,3,0,1,1,0,6,0,2,0,2,3,1,0,3,0,1,1,0,6,0,1,0,9,2,2,0,1,0,2,1,0,7,1,1,0,2,2,1,0,3,0,1,2,0,6,0,2,0,8,2,2,0,1,0,2,1,0,9,2,1,0,4,0,2,1,3,1,1,0,1,7,0,4,2,7,2,2,0,2,0,2,1,0,7,2,1,0,2,3,1,0,3,0,1,1,0,6,0,2,0,360
Filipíny,608,PH,PHL,81,15,4,1,2,8,0,3,0,3,7,1,7,4,3,1,2,0,6,1,0,0,0,1,0,0,2,2,0,1,0,6,0,0,0,0,0,0,0,1,4,0,2,0,6,0,0,0,0,0,0,0,2,15,4,1,2,7,0,3,0,2,6,1,6,4,2,2,2,0,5,1,0,0,0,1,0,0,2,2,2,2,0,5,0,0,0,0,2,0,0,2,3,1,2,0,5,0,0,0,0,2,0,0,2,3,1,2,0,5,0,0,0,0,2,0,0,2,3,1,2,0,5,0,0,0,0,2,0,0,2,5,2,2,1,6,1,0,0,1,1,1,0,2,4,0,2,0,5,0,0,0,0,0,0,0,2,4,1,2,0,6,1,0,0,1,1,0,0,2,13,4,1,2,8,0,3,0,1,4,1,6,4,3,1,2,0,6,1,0,0,0,1,0,0,2,4,0,2,0,5,0,0,0,0,0,0,0,2,350
Maroko,504,MA,MAR,44,9,1,1,0,5,3,1,0,1,5,2,4,2,7,0,0,0,3,2,0,0,1,2,1,3,1,7,0,0,0,2,2,0,0,0,1,1,2,1,7,0,0,0,2,2,0,0,0,1,1,2,1,9,1,1,0,7,3,1,0,1,6,2,4,2,6,0,0,0,3,3,0,0,0,1,1,3,1,6,0,0,0,3,3,0,0,0,1,1,3,1,5,0,0,0,3,3,0,0,0,1,1,3,1,5,0,0,0,3,3,0,0,0,1,1,2,1,5,0,0,0,3,3,0,0,0,1,1,3,1,5,0,0,0,4,2,0,0,1,4,2,3,2,5,0,0,0,3,2,0,0,0,1,1,2,1,6,0,0,0,4,2,0,0,1,3,2,3,2,7,1,1,0,7,3,1,0,1,6,2,4,2,6,0,0,0,3,2,0,0,1,2,1,3,1,5,0,0,0,3,3,0,0,0,1,1,2,1,340
Írán,364,IR,IRN,40,7,0,2,1,0,1,3,0,1,8,3,4,1,4,1,4,0,0,4,1,0,0,2,2,0,2,3,1,3,0,0,3,1,0,0,1,2,0,1,3,1,4,0,0,4,1,0,0,1,2,0,1,7,1,2,1,0,1,3,0,1,7,3,4,1,4,1,4,0,0,5,1,0,0,1,2,0,2,3,1,4,0,0,4,1,0,0,1,2,0,2,3,1,4,0,0,4,1,0,0,1,2,0,1,3,1,4,0,0,4,1,0,0,1,2,0,1,3,1,4,0,0,4,1,0,0,1,2,0,1,5,1,4,0,0,3,1,0,1,1,2,0,1,3,1,4,0,0,4,1,0,0,1,2,0,1,5,1,4,0,0,3,1,0,1,2,2,0,1,6,1,2,1,0,1,3,0,1,6,3,4,1,5,1,4,0,0,3,1,0,0,2,2,0,2,3,1,4,0,0,4,1,0,0,1,2,0,1,325
Jemen,887,YE,YEM,8,4,0,1,0,9,1,1,2,0,2,2,2,0,3,0,2,0,5,1,0,1,1,2,1,2,0,1,0,2,0,3,1,0,0,1,3,1,1,0,1,0,2,0,3,1,0,0,1,3,1,1,0,4,0,1,0,9,1,1,2,0,2,2,2,0,1,0,2,0,5,1,0,1,1,2,1,2,0,1,0,2,0,4,1,0,1,1,3,1,2,0,1,0,2,0,4,1,0,1,1,3,1,2,0,2,0,2,0,3,1,0,1,2,3,1,2,0,2,0,2,0,4,1,0,1,1,3,1,2,0,2,0,2,0,7,1,0,1,0,2,1,2,0,1,0,2,0,3,1,0,0,2,3,1,1,0,3,0,2,0,6,1,0,1,0,2,1,2,0,4,0,1,0,9,1,1,2,0,2,2,2,0,3,0,2,0,5,1,0,1,1,2,1,2,0,2,0,2,0,3,1,0,1,2,3,1,2,0,283
Jordánsko,400,JO,JOR,23,3,0,0,1,4,0,0,3,0,2,0,3,1,4,0,0,2,4,1,0,2,0,2,0,3,1,5,0,0,1,3,1,0,2,0,2,0,1,1,4,0,0,1,3,1,0,2,0,2,0,1,1,2,0,0,1,4,0,0,3,0,2,0,3,1,4,0,0,2,4,1,0,2,0,2,0,3,1,4,0,0,2,4,1,0,2,0,2,0,3,1,4,0,0,2,4,1,0,2,0,2,0,1,1,4,0,0,2,3,1,0,2,0,2,0,1,1,4,0,0,2,4,1,0,2,0,2,0,1,1,4,0,0,3,4,0,0,2,0,3,0,4,1,4,0,0,1,3,1,0,2,0,2,0,1,1,4,0,0,3,4,0,0,2,0,2,0,4,1,3,0,0,1,4,0,0,3,0,2,0,3,1,4,0,0,3,4,1,0,2,0,2,0,4,1,4,0,0,1,3,1,0,2,0,2,0,1,1,280
Korejská republika,410,KR,KOR,80,5,1,2,1,0,0,0,0,1,2,0,10,0,3,1,2,0,0,0,0,0,1,2,0,8,0,1,1,1,0,0,0,0,0,0,2,1,10,0,2,1,1,0,0,0,0,0,0,1,1,10,0,4,1,2,1,0,0,0,0,1,2,0,10,0,2,1,2,0,0,0,0,0,1,2,0,8,0,2,1,2,0,0,0,0,0,1,1,0,7,0,2,1,2,0,0,0,0,0,1,1,0,6,0,1,1,2,0,0,0,0,0,1,1,1,7,0,2,1,2,0,0,0,0,0,1,1,0,6,0,3,1,2,0,0,0,0,0,1,2,0,6,0,1,1,2,0,0,0,0,0,1,1,1,10,0,4,1,2,0,0,0,0,0,1,2,0,8,0,3,1,2,1,0,0,0,0,1,2,0,9,0,3,1,2,0,0,0,0,0,1,2,0,7,0,1,1,2,0,0,0,0,0,1,1,1,9,0,263
Finsko,246,FI,FIN,63,7,1,2,2,1,0,1,1,0,9,1,2,0,3,0,1,0,2,0,1,0,1,4,1,1,0,3,0,0,0,2,0,1,0,1,3,2,0,0,3,0,0,0,2,0,1,0,1,3,2,0,0,7,1,2,2,1,0,1,1,0,9,1,2,0,3,0,1,0,2,0,1,0,1,4,1,1,0,3,0,0,0,2,0,1,0,1,4,1,0,0,3,0,0,0,2,0,1,0,1,4,1,0,0,2,0,0,0,2,0,1,0,1,4,1,0,0,2,0,0,0,2,0,1,0,1,4,1,0,0,4,0,1,0,2,0,1,0,1,4,1,1,0,3,0,0,0,2,0,1,0,1,4,2,0,0,4,0,1,0,2,0,1,0,1,4,1,1,0,7,1,2,2,1,0,1,1,1,9,1,2,0,4,0,1,0,2,0,1,0,1,4,1,1,0,3,0,0,0,2,0,1,0,1,4,1,0,0,250
Černá Hora,499,ME,MNE,22,4,0,2,2,3,2,1,0,0,0,2,1,0,2,0,2,2,2,1,1,0,0,1,2,1,0,2,0,2,3,2,1,1,0,0,2,2,1,0,3,0,2,3,2,1,1,0,0,1,2,1,0,4,0,2,2,3,2,1,0,0,0,2,1,0,2,0,2,2,2,1,1,0,0,1,2,1,0,2,0,2,2,2,0,1,0,0,1,2,1,0,2,0,2,3,2,0,1,0,0,1,2,1,0,3,0,2,3,2,0,1,0,0,1,2,1,0,3,0,2,3,2,0,1,0,0,1,2,1,0,3,0,3,2,2,1,1,0,0,1,2,1,0,3,0,2,3,2,0,1,0,0,1,2,1,0,3,0,2,2,2,1,1,0,0,1,2,1,0,3,0,3,2,3,2,1,0,0,0,2,1,0,2,0,2,2,2,1,1,0,0,1,2,1,0,3,0,2,3,2,0,1,0,0,1,2,1,0,243
Nový Zéland,554,NZ,NZL,22,5,0,0,0,1,1,1,1,0,5,1,1,2,4,0,0,0,2,3,1,1,0,3,0,1,1,3,0,0,0,2,3,1,0,0,2,0,1,1,3,0,0,0,2,3,1,1,0,2,0,1,1,5,0,0,0,1,1,1,1,0,5,1,1,2,4,0,0,0,2,3,1,2,0,3,0,1,1,4,0,0,0,2,3,1,1,0,3,0,1,1,4,0,0,0,2,3,1,1,0,2,0,1,1,3,0,0,0,2,3,1,1,0,2,0,1,1,4,0,0,0,2,3,1,1,0,2,0,1,1,4,0,0,0,1,1,1,1,0,3,0,1,1,3,0,0,0,2,3,1,1,0,2,0,1,1,4,0,0,0,1,1,1,1,0,3,0,1,1,5,0,0,0,1,1,1,1,0,5,1,1,2,4,0,0,0,2,2,1,1,0,3,0,1,1,3,0,0,0,1,3,1,1,0,2,0,1,1,242
Nizozemské království,528,NL,NLD,175,42,23,15,4,22,19,24,14,10,24,11,6,6,0,0,0,0,0,0,0,0,0,0,0,0,0,0,0,0,0,0,0,0,0,0,0,0,0,0,0,0,0,0,0,0,0,0,0,0,0,0,0,0,0,0,0,0,0,0,0,0,0,0,0,0,0,0,0,0,0,0,0,0,0,0,0,0,0,0,0,0,0,0,0,0,0,0,0,0,0,0,0,0,0,0,0,0,0,0,0,0,0,0,0,0,0,0,0,0,0,0,0,0,0,0,0,0,0,0,0,0,0,0,0,0,0,0,0,0,0,0,0,0,0,0,0,0,0,0,0,0,0,0,0,0,0,0,0,0,0,0,0,0,0,0,0,0,0,0,0,0,0,0,0,0,0,0,0,0,0,0,0,0,0,0,0,0,0,0,0,0,0,0,0,0,0,0,0,0,0,0,0,0,0,0,0,0,0,0,0,0,0,0,0,0,0,0,0,220
Kolumbie,170,CO,COL,43,5,0,2,0,3,2,1,1,0,3,3,3,3,2,0,1,0,0,0,1,1,0,1,1,2,1,4,0,1,0,0,0,2,2,0,2,1,2,0,3,0,1,0,0,0,2,2,0,2,1,2,0,5,0,2,0,2,1,1,1,0,3,2,3,3,2,0,1,0,0,0,1,1,0,2,1,2,0,2,0,1,0,0,0,1,1,0,2,1,2,0,2,0,1,0,0,0,2,1,0,2,1,2,0,2,0,1,0,0,0,2,1,0,3,1,2,0,2,0,1,0,0,0,2,1,0,2,1,2,0,3,0,1,0,0,0,1,1,0,1,1,1,1,3,0,1,0,0,0,2,2,0,3,1,2,0,3,0,1,0,0,0,1,1,0,1,1,1,1,5,0,2,0,2,1,1,1,0,3,3,3,1,2,0,1,0,0,0,1,1,0,1,1,1,1,3,0,1,0,0,0,2,2,0,3,1,2,0,219
Norsko,578,NO,NOR,22,2,1,0,0,3,1,1,2,1,5,0,1,2,5,1,0,0,3,2,0,0,0,0,0,0,1,3,2,0,0,1,2,0,0,0,0,0,0,1,3,2,0,0,1,2,0,0,0,0,0,0,1,2,1,0,0,3,1,1,1,1,5,0,1,2,5,1,0,0,3,2,0,0,0,0,0,0,1,5,1,0,0,3,2,0,0,0,0,0,0,1,5,1,0,0,2,2,0,0,0,0,0,0,1,3,1,0,0,1,2,0,0,0,0,0,0,1,5,1,0,0,1,2,0,0,0,0,0,0,1,3,1,0,0,3,2,0,0,0,2,0,1,1,3,1,0,0,1,2,0,0,0,0,0,0,1,5,1,0,0,3,2,0,0,0,1,0,1,1,2,1,0,0,3,1,1,0,1,5,0,1,2,5,1,0,0,3,2,0,0,0,0,0,0,1,3,1,0,0,1,2,0,0,0,0,0,0,1,192
Argentina,032,AR,ARG,31,8,1,0,0,2,0,2,2,0,8,1,2,0,2,0,0,0,1,0,0,1,0,3,1,1,0,1,0,0,0,2,0,0,1,0,1,0,1,0,1,0,0,0,2,0,0,1,0,1,1,1,0,8,1,0,0,2,0,2,2,0,8,1,2,0,2,0,0,0,1,0,0,1,0,3,1,1,0,2,0,0,0,1,0,0,1,0,2,1,1,0,2,0,0,0,2,0,0,1,0,2,1,1,0,1,0,0,0,2,0,0,1,0,2,1,1,0,2,0,0,0,2,0,0,1,0,2,1,1,0,2,1,0,0,1,0,1,1,0,4,1,0,0,1,0,0,0,2,0,0,1,0,2,1,1,0,2,0,0,0,1,0,1,1,0,3,1,0,0,7,1,0,0,2,0,2,2,0,8,1,1,0,2,0,0,0,1,0,1,1,0,3,1,1,0,1,0,0,0,2,0,0,1,0,2,1,1,0,187
Chile,152,CL,CHL,42,8,0,2,0,1,0,0,1,1,3,1,0,2,1,1,1,0,1,0,0,1,0,2,1,0,1,1,0,1,0,1,0,0,1,0,1,2,0,1,2,0,1,0,1,0,0,1,0,1,2,0,1,7,0,2,0,1,0,1,1,1,3,1,0,2,1,1,1,0,1,0,0,1,0,2,1,0,1,1,1,1,0,1,0,0,1,0,2,2,0,1,1,1,1,0,1,0,0,1,0,2,2,0,1,1,1,1,0,1,0,0,1,0,1,2,0,1,1,1,1,0,1,0,0,1,0,1,2,0,1,3,1,1,0,1,0,0,2,0,3,1,0,1,1,0,1,0,1,0,0,0,0,1,2,0,1,2,1,1,0,1,0,0,2,0,2,1,0,1,7,0,2,0,1,0,1,1,1,3,1,0,2,2,1,1,0,1,0,0,1,0,2,1,0,1,1,1,1,0,1,0,0,0,0,1,2,0,1,179
Estonsko,233,EE,EST,36,6,0,0,2,2,1,1,1,0,4,0,0,0,3,0,0,0,2,0,1,0,0,2,0,1,1,3,0,0,1,2,0,1,0,0,2,0,0,0,3,0,0,0,2,0,1,0,0,2,0,1,0,6,0,0,2,2,1,1,1,0,4,0,0,0,3,0,0,0,2,0,1,0,0,2,0,1,1,3,0,0,0,2,0,1,0,0,2,0,1,1,3,0,0,0,2,0,1,0,0,2,0,1,1,3,0,0,0,2,0,1,0,0,2,0,1,1,3,0,0,0,2,0,1,0,0,2,0,1,1,3,0,0,0,2,0,1,0,0,3,0,1,1,3,0,0,0,2,0,1,0,0,2,0,1,0,3,0,0,0,2,0,1,0,0,2,0,1,1,6,0,0,2,2,1,1,1,0,4,0,0,0,3,0,0,0,2,0,1,0,0,2,0,1,1,3,0,0,0,2,0,1,0,0,2,0,1,0,178
Ekvádor,218,EC,ECU,10,5,0,1,0,0,0,0,1,0,3,1,1,1,4,0,0,0,0,0,1,0,0,2,1,1,0,3,0,1,0,0,0,1,0,0,1,1,1,0,3,0,1,0,0,0,1,0,0,1,1,1,0,6,0,1,0,0,0,0,1,0,5,1,1,1,4,0,1,0,0,0,1,0,0,1,1,1,0,4,0,1,0,0,0,1,0,0,1,1,1,0,4,0,1,0,0,0,1,0,0,1,1,1,0,3,0,1,0,0,0,1,0,0,1,1,1,0,3,0,1,0,0,0,1,0,0,1,1,1,0,4,0,0,0,0,0,1,0,0,3,1,1,0,3,0,1,0,0,0,1,0,0,1,1,1,0,4,0,0,0,0,0,1,0,0,3,1,1,0,6,0,1,0,0,0,0,1,0,5,1,1,1,4,0,0,0,0,0,1,0,0,2,1,1,0,3,0,1,0,0,0,1,0,0,1,1,1,0,158
Libye,434,LY,LBY,9,2,0,0,0,0,1,0,0,0,6,0,2,0,1,0,0,0,0,0,1,0,0,5,0,1,0,1,0,0,0,0,0,1,0,0,5,0,1,0,1,0,0,0,0,0,1,0,0,5,0,1,0,2,0,0,0,0,1,0,0,0,5,0,2,0,1,0,0,0,0,0,1,0,0,5,0,1,0,1,0,0,0,0,0,1,0,0,5,0,1,0,1,0,0,0,0,0,1,0,0,5,0,1,0,1,0,0,0,0,0,1,0,0,5,0,1,0,1,0,0,0,0,0,1,0,0,5,0,1,0,1,0,0,0,1,0,1,0,0,5,0,1,0,1,0,0,0,0,0,1,0,0,5,0,1,0,1,0,0,0,0,0,1,0,0,5,0,1,0,2,0,0,0,0,1,0,0,0,5,0,2,0,1,0,0,0,0,0,1,0,0,5,0,1,0,1,0,0,0,0,0,1,0,0,5,0,1,0,136
Nepál,524,NP,NPL,7,3,0,5,0,0,0,0,0,0,3,0,0,0,1,0,3,0,0,0,0,0,0,1,0,0,0,1,0,4,0,3,0,1,0,0,3,0,0,0,1,0,4,0,3,0,1,0,0,2,0,0,0,3,0,6,0,0,0,0,0,0,3,0,0,0,1,0,3,0,0,0,0,0,0,1,0,0,0,1,0,3,0,0,0,0,0,0,1,0,0,0,1,0,3,0,2,0,0,0,0,1,0,0,0,1,0,3,0,3,0,1,0,0,2,0,0,0,1,0,3,0,3,0,0,0,0,1,0,0,0,1,0,3,0,0,0,0,0,0,1,0,0,0,1,0,3,0,3,0,1,0,0,2,0,0,0,2,0,3,0,0,0,0,0,0,1,0,0,0,2,0,3,0,0,0,0,0,0,3,0,0,0,2,0,3,0,0,0,0,0,0,1,0,0,0,1,0,3,0,3,0,1,0,0,2,0,0,0,131
Bangladéš,050,BD,BGD,29,3,0,1,2,0,0,0,0,0,11,0,3,0,1,0,1,1,1,0,0,0,0,0,0,3,0,1,0,1,1,0,0,3,0,0,0,0,2,0,1,0,1,1,0,0,3,0,0,0,0,3,0,3,0,1,3,0,0,0,0,0,2,0,3,0,1,0,1,1,1,0,0,0,0,0,0,3,0,1,0,1,1,0,0,0,0,0,0,0,3,0,1,0,1,1,1,0,0,0,0,0,0,3,0,1,0,1,1,0,0,0,0,0,0,0,3,0,1,0,1,1,0,0,0,0,0,0,0,3,0,1,0,1,1,0,0,0,0,0,0,0,3,0,1,0,1,1,0,0,0,0,0,0,0,3,0,1,0,1,1,0,0,0,0,0,0,0,3,0,3,0,1,3,0,0,0,0,0,2,0,3,0,1,0,1,1,0,0,0,0,0,0,0,3,0,1,0,1,1,0,0,0,0,0,0,0,3,0,130
Keňa,404,KE,KEN,5,4,0,1,1,2,0,0,0,0,1,0,1,1,1,0,0,0,2,1,0,0,0,1,0,2,0,0,0,0,0,2,0,1,0,0,0,0,2,0,0,0,0,0,2,0,1,0,0,0,0,2,0,4,0,1,1,2,0,0,0,0,1,0,1,1,1,0,0,0,2,1,0,0,0,1,0,2,0,1,0,0,0,2,1,0,0,0,1,0,2,0,1,0,0,0,2,1,0,0,0,1,0,2,0,1,0,0,0,2,1,1,0,0,1,0,2,0,1,0,0,0,2,1,1,0,0,1,0,2,0,1,0,0,0,2,1,0,0,0,1,0,2,0,0,0,0,0,2,1,1,0,0,1,0,2,0,1,0,0,0,2,1,0,0,0,1,0,2,0,4,0,1,1,2,0,0,0,0,1,0,1,1,1,0,0,0,2,1,0,0,0,1,0,2,0,0,0,0,0,2,1,1,0,0,1,0,2,0,122
Venezuela,862,VE,VEN,28,1,0,0,0,0,0,2,0,0,8,0,1,1,1,0,0,0,0,0,1,0,0,4,0,1,0,2,0,0,0,0,0,1,0,0,2,0,0,0,2,0,0,0,0,0,1,0,0,4,0,0,0,1,0,0,0,0,0,2,0,0,6,0,1,1,1,0,0,0,0,0,1,0,0,3,0,1,0,1,0,0,0,0,0,1,0,0,3,0,1,0,2,0,0,0,0,0,1,0,0,3,0,1,0,1,0,0,0,0,0,1,0,0,3,0,0,0,1,0,0,0,0,0,1,0,0,3,0,1,0,0,0,0,0,0,0,2,0,0,5,0,1,0,2,0,0,0,0,0,1,0,0,3,0,0,0,1,0,0,0,0,0,2,0,0,4,0,1,0,1,0,0,0,0,0,2,0,0,5,0,1,1,1,0,0,0,0,0,1,0,0,4,0,1,0,1,0,0,0,0,0,1,0,0,3,0,0,0,117
Benin,204,BJ,BEN,14,1,0,0,0,0,2,0,0,0,0,0,0,0,1,0,0,0,3,1,0,0,0,0,1,0,0,1,0,0,0,4,0,0,0,0,0,1,1,1,1,0,0,0,4,1,0,0,0,0,1,0,1,1,0,0,0,0,2,0,0,0,0,0,0,0,1,0,0,0,3,1,0,0,0,0,1,0,0,1,0,0,0,3,1,0,0,0,0,1,0,0,1,0,0,0,3,1,0,0,0,0,1,0,1,1,0,0,0,4,1,0,0,0,0,1,0,1,1,0,0,0,4,1,0,0,0,0,1,0,1,1,0,0,0,2,2,0,0,0,0,1,0,0,1,0,0,0,4,1,0,0,0,0,1,0,1,1,0,0,0,3,1,0,0,0,0,1,0,0,1,0,0,0,1,2,0,0,0,0,0,0,0,1,0,0,0,3,1,0,0,0,0,1,0,0,1,0,0,0,4,1,0,0,0,0,1,0,1,101
Demokratická republika Kongo,0,0,0,0,0,0,0,0,0,0,0,0,0,0,0,0,0,3,0,0,0,2,0,1,0,0,0,1,1,0,2,0,0,0,2,0,0,0,0,0,0,1,0,2,0,0,0,2,0,1,0,0,0,0,1,0,0,0,0,0,0,0,0,0,0,0,0,0,0,3,0,0,0,2,0,1,0,0,0,1,1,0,3,0,0,0,2,0,1,0,0,0,1,1,0,3,0,0,0,2,0,1,0,0,0,1,1,0,2,0,0,0,2,0,1,0,0,0,0,1,0,3,0,0,0,2,0,1,0,0,0,0,1,0,4,0,0,0,2,0,1,1,0,1,1,1,0,2,0,0,0,2,0,1,0,0,0,0,1,0,4,0,0,0,2,0,1,1,0,1,1,1,0,0,0,0,0,0,0,0,0,0,0,0,0,0,4,0,0,0,2,0,1,0,0,1,1,1,0,2,0,0,0,2,0,1,0,0,0,0,1,0,100
Palestina,275,PS,PSE,7,3,0,0,0,1,1,0,0,0,2,0,0,0,3,0,0,0,1,0,1,0,0,0,0,0,0,4,0,0,0,0,0,0,0,0,0,0,1,0,4,1,0,0,0,0,0,0,0,0,0,1,0,3,0,0,0,1,1,0,0,0,2,0,0,0,3,0,0,0,1,0,1,0,0,0,0,1,0,4,0,0,0,1,0,1,0,0,0,0,1,0,4,0,0,0,1,0,1,0,0,0,0,1,0,4,0,0,0,1,0,1,0,0,0,0,1,0,4,0,0,0,1,0,1,0,0,0,0,1,0,3,0,0,0,1,0,1,0,0,0,1,0,0,4,1,0,0,0,0,0,0,0,0,0,1,0,3,0,0,0,1,0,1,0,0,0,0,0,0,3,0,0,0,1,1,0,0,0,3,0,0,0,3,0,0,0,1,0,1,0,0,0,0,0,0,4,0,0,0,0,0,0,0,0,0,0,1,0,99
Konžská republika,178,CG,COG,11,1,1,1,0,2,0,0,0,1,0,1,0,0,2,0,1,0,2,1,0,0,0,0,1,0,0,2,0,1,0,2,0,0,0,0,0,1,0,0,2,0,1,0,2,0,0,0,0,0,1,0,0,1,1,1,0,2,0,0,0,0,0,1,0,0,2,0,1,0,2,0,0,0,0,0,1,0,0,2,0,1,0,1,0,0,0,0,0,1,0,0,2,0,1,0,1,0,0,0,0,0,1,0,0,2,0,1,0,1,0,0,0,0,0,1,0,0,2,0,1,0,1,0,0,0,0,0,1,0,0,2,0,1,0,2,0,0,0,0,0,1,0,0,2,0,1,0,1,0,0,0,0,0,1,0,0,2,0,1,0,2,1,0,0,0,0,1,0,0,1,1,1,0,2,0,0,0,0,0,1,0,0,2,0,1,0,2,1,0,0,0,0,1,0,0,2,0,1,0,1,0,0,0,0,0,1,0,0,94
Senegal,686,SN,SEN,16,4,0,0,0,1,0,0,0,0,0,0,0,0,5,0,0,0,1,0,0,0,0,0,0,0,0,5,0,1,0,1,0,1,0,0,0,0,0,0,5,0,0,0,1,0,0,0,0,0,0,0,0,4,0,0,0,1,0,0,0,0,0,0,0,0,5,0,0,0,1,0,0,0,0,0,0,0,0,5,0,0,0,1,0,0,0,0,0,0,0,0,5,0,0,0,1,0,0,0,0,0,0,0,0,5,0,0,0,1,0,0,0,0,0,0,0,0,5,0,0,0,1,0,0,0,0,0,0,0,0,5,0,0,0,1,0,0,0,0,0,0,0,0,5,0,0,0,1,0,0,0,0,0,0,0,0,4,0,0,0,1,0,0,0,0,0,0,0,0,4,0,0,0,1,0,0,0,0,0,0,0,0,4,0,0,0,1,0,0,0,0,0,0,0,0,5,0,0,0,1,0,0,0,0,0,0,0,0,93
Malta,470,MT,MLT,22,2,1,0,0,0,0,1,0,0,0,2,1,0,1,2,0,0,1,0,1,0,0,0,0,1,0,1,1,0,0,1,0,1,0,0,0,0,1,0,1,1,0,0,1,0,1,0,0,0,0,1,0,2,2,0,0,0,0,1,0,0,0,1,1,0,1,2,0,0,1,0,1,0,0,0,0,1,0,1,1,0,0,1,0,1,0,0,0,0,1,0,1,1,0,0,1,0,1,0,0,0,0,1,0,1,1,0,0,1,0,1,0,0,0,0,1,0,1,1,0,0,1,0,1,0,0,0,0,1,0,1,2,0,0,1,0,1,0,0,0,0,1,0,1,1,0,0,1,0,1,0,0,0,0,1,0,1,2,0,0,1,0,1,0,0,0,0,1,0,2,2,0,0,0,0,1,0,0,0,1,1,0,1,2,0,0,1,0,1,0,0,0,0,1,0,1,1,0,0,1,0,1,0,0,0,0,1,0,91
Kamerun,120,CM,CMR,20,2,1,1,0,1,2,0,0,0,0,0,0,0,1,0,1,0,1,2,0,0,0,0,0,0,0,1,0,0,0,3,1,0,0,0,1,0,0,0,1,0,0,0,3,1,0,0,0,1,0,0,0,2,1,0,0,1,2,0,0,0,1,0,0,0,1,0,1,0,1,2,0,0,0,0,0,0,0,1,0,1,0,1,2,0,0,0,0,0,0,0,1,0,1,0,1,2,0,0,0,0,0,0,0,1,0,1,0,1,2,0,0,0,0,0,0,0,1,0,1,0,1,2,0,0,0,0,0,0,0,2,0,1,0,1,2,0,0,0,0,0,0,0,1,0,0,0,2,1,0,0,0,1,0,0,0,1,0,1,0,1,2,0,0,0,0,0,0,0,3,1,1,0,1,2,0,0,0,1,0,0,0,1,0,1,0,1,2,0,0,0,0,0,0,0,1,0,1,0,1,1,0,0,0,1,0,0,0,91
Šrí Lanka,144,LK,LKA,16,3,0,1,0,0,0,0,0,2,1,0,1,5,1,0,0,0,0,0,0,0,1,2,0,0,0,1,0,0,1,0,0,0,0,1,1,0,0,0,1,0,0,1,0,0,0,0,1,1,0,0,0,3,0,1,0,0,0,0,0,2,1,0,0,5,1,0,0,0,0,0,0,0,1,2,0,0,0,1,0,0,1,0,0,0,0,1,2,0,0,0,1,0,0,1,0,0,0,0,1,1,0,0,0,1,0,0,1,0,0,0,0,1,1,0,0,0,1,0,0,1,0,0,0,0,1,1,0,0,0,1,0,0,0,0,0,0,0,1,2,0,0,0,1,0,0,1,0,0,0,0,1,1,0,0,0,1,0,0,0,0,0,0,0,1,3,0,0,0,2,0,1,0,0,0,0,0,2,1,0,0,5,1,0,0,0,0,0,0,0,1,2,0,0,0,1,0,0,1,0,0,0,0,1,1,0,0,0,90
Guinea,324,GN,GIN,18,6,0,0,0,0,0,0,0,0,2,0,0,0,3,0,0,0,0,0,0,0,0,1,0,1,0,1,0,0,0,0,0,0,0,0,1,0,1,0,2,0,0,0,0,0,0,0,0,1,0,1,0,5,0,0,0,0,0,0,0,0,2,0,0,0,3,0,0,0,0,0,0,0,0,1,0,1,0,3,0,0,0,0,0,0,0,0,1,0,1,0,3,0,0,0,0,0,0,0,0,1,0,1,0,2,0,0,0,0,0,0,0,0,1,0,1,0,3,0,0,0,0,0,0,0,0,1,0,1,0,3,0,0,0,1,0,0,0,0,1,0,1,0,2,0,0,0,0,0,0,0,0,1,0,1,0,3,0,0,0,1,0,0,0,0,1,0,1,0,3,0,0,0,0,0,0,0,0,2,0,0,0,3,0,0,0,1,0,0,0,0,1,0,1,0,2,0,0,0,0,0,0,0,0,1,0,1,0,82
Kypr,196,CY,CYP,29,3,1,0,0,1,1,0,0,1,0,1,1,1,0,1,0,0,1,0,0,0,0,0,0,1,1,0,2,0,0,0,0,0,0,0,0,0,1,0,0,2,0,0,0,0,0,0,0,0,0,1,0,3,1,0,0,1,0,0,0,1,0,1,1,1,0,1,0,0,1,0,0,0,0,0,0,1,1,0,1,0,0,1,0,0,0,0,0,0,1,1,0,1,0,0,1,0,0,0,0,0,0,1,1,0,1,0,0,0,0,0,0,0,0,0,1,1,0,1,0,0,0,0,0,0,0,0,0,1,1,1,1,0,0,1,0,0,0,0,0,0,1,1,0,2,0,0,0,0,0,0,0,0,0,1,1,0,1,0,0,1,0,0,0,0,0,0,1,1,3,1,0,0,1,0,0,0,1,0,0,1,1,0,1,0,0,1,0,0,0,0,0,0,1,1,0,2,0,0,0,0,0,0,0,0,0,1,1,76
Bolívie,068,BO,BOL,11,1,0,1,0,1,0,0,0,0,0,0,0,0,2,0,0,0,1,1,0,0,0,1,0,0,0,2,0,0,0,1,1,0,0,0,1,0,0,0,2,0,0,0,1,1,0,0,0,1,0,0,0,1,0,1,0,1,0,0,0,0,0,0,0,0,2,0,0,0,1,1,0,0,0,1,0,0,0,2,0,0,0,1,1,0,0,0,1,0,0,0,2,0,0,0,1,1,0,0,0,1,0,0,0,2,0,0,0,1,1,0,0,0,1,0,0,0,2,0,0,0,1,1,0,0,0,1,0,0,0,2,0,1,0,1,1,0,0,0,1,0,0,0,2,0,0,0,1,1,0,0,0,1,0,0,0,2,0,1,0,1,1,0,0,0,1,0,0,0,1,0,1,0,1,0,0,0,0,0,0,0,0,2,0,0,0,1,1,0,0,0,1,0,0,0,2,0,0,0,1,1,0,0,0,1,0,0,0,76
Pobřeží slonoviny,384,CI,CIV,12,2,0,0,1,2,0,0,0,0,1,0,0,0,1,0,0,1,1,1,0,0,0,0,0,0,0,1,0,0,1,1,1,0,0,0,0,1,0,0,1,0,0,1,1,1,0,0,0,0,1,0,0,2,0,0,1,2,0,0,0,0,0,0,0,0,1,0,0,1,1,1,0,0,0,0,0,0,0,1,0,0,1,1,1,0,0,0,0,0,0,0,1,0,0,1,1,1,0,0,0,0,0,0,0,1,0,0,1,1,1,0,0,0,0,0,0,0,1,0,0,1,1,1,0,0,0,0,0,0,0,1,0,0,1,1,1,0,0,0,0,0,0,0,1,0,0,1,1,1,0,0,0,0,1,0,0,1,0,0,1,1,1,0,0,0,0,0,0,0,2,0,0,1,2,0,0,0,0,0,0,0,0,1,0,0,1,1,1,0,0,0,0,0,0,0,1,0,0,1,1,1,0,0,0,0,0,0,0,71
Indonésie,360,ID,IDN,19,2,0,0,1,0,0,1,0,0,1,0,4,0,0,0,0,0,0,1,0,1,0,0,0,1,0,0,0,0,0,1,1,0,1,0,0,0,0,0,0,0,0,0,0,1,0,1,0,0,0,0,0,2,0,0,1,0,0,1,1,0,0,0,4,0,0,0,0,0,0,1,0,1,0,0,0,1,0,0,0,0,0,0,1,0,1,0,0,0,1,0,0,0,0,0,0,1,0,1,0,0,0,1,0,1,0,0,0,0,1,0,1,0,0,0,1,0,0,0,0,0,0,1,0,1,0,0,0,1,0,1,0,0,0,0,1,0,1,0,0,0,1,0,0,0,0,0,0,1,0,1,0,0,0,1,0,1,0,0,0,0,1,0,1,0,1,0,1,0,2,0,0,0,0,0,1,1,0,1,0,4,0,0,0,0,0,0,1,0,1,0,1,0,1,0,0,0,0,0,0,1,0,1,0,0,0,1,0,70
Kambodža,116,KH,KHM,4,2,0,0,0,0,0,0,0,0,1,0,0,0,1,0,0,0,0,1,0,0,0,1,0,0,0,3,0,0,0,0,1,0,0,0,1,0,0,2,3,0,0,0,0,1,0,0,0,1,0,0,2,2,0,0,0,0,0,0,0,0,1,0,0,0,1,0,0,0,0,1,0,0,0,1,0,0,0,1,0,0,0,0,1,0,0,0,1,0,0,0,1,0,0,0,0,1,0,0,0,1,0,0,0,2,0,0,0,0,1,0,0,0,1,0,0,2,2,0,0,0,0,1,0,0,0,1,0,0,0,1,0,0,0,0,1,0,0,0,1,0,0,0,3,0,0,0,0,1,0,0,0,1,0,0,2,1,0,0,0,0,1,0,0,0,1,0,0,0,2,0,0,0,0,0,0,0,0,1,0,0,0,1,0,0,0,0,1,0,0,0,1,0,0,0,3,0,0,0,0,1,0,0,0,1,0,0,2,68
Myanmar,104,MM,MMR,2,3,0,0,0,0,0,0,0,0,4,0,0,0,2,0,0,0,0,0,0,1,0,1,0,0,0,2,0,0,0,0,0,0,1,0,1,0,0,0,1,0,0,0,0,0,0,1,0,1,0,0,0,3,0,0,0,0,0,0,0,0,4,0,0,0,2,0,0,0,0,0,0,1,0,1,0,0,0,2,0,0,0,0,0,0,1,0,1,0,0,0,2,0,0,0,0,0,0,1,0,1,0,0,0,1,0,0,0,0,0,0,1,0,1,0,0,0,1,0,0,0,0,0,0,1,0,1,0,0,0,3,0,0,0,0,0,0,1,0,1,0,0,0,1,0,0,0,0,0,0,1,0,1,0,0,0,3,0,0,0,0,0,0,1,0,1,0,0,0,3,0,0,0,0,0,0,0,0,2,0,0,0,2,0,0,0,0,0,0,1,0,1,0,0,0,1,0,0,0,0,0,0,1,0,1,0,0,0,68
Tchaj-wan,158,TW,TWN,17,1,1,1,0,0,1,1,0,0,0,0,0,1,0,0,1,1,1,0,0,0,0,0,0,0,0,0,0,1,1,0,1,0,0,0,0,0,1,0,0,0,1,1,0,1,0,0,0,0,0,1,0,1,1,1,0,0,1,1,0,0,0,0,0,1,0,0,1,1,1,0,0,0,0,0,0,0,0,0,0,1,1,1,0,0,0,0,0,0,0,0,0,0,1,1,1,1,0,0,0,0,0,0,0,0,0,1,1,1,1,0,0,0,0,0,0,0,0,0,1,1,1,1,0,0,0,0,0,0,0,0,1,1,1,1,1,0,0,0,0,0,0,0,0,0,1,1,1,1,0,0,0,0,0,0,0,0,0,1,1,1,0,0,0,0,0,0,0,0,1,1,1,0,0,1,1,0,0,0,0,0,1,0,0,1,1,1,0,0,0,0,0,0,0,0,0,0,1,1,1,0,0,0,0,0,0,0,0,65
Madagaskar,450,MG,MDG,3,0,0,0,0,0,0,0,1,0,1,0,1,0,0,0,0,0,0,1,0,1,0,1,0,1,0,0,0,0,0,0,1,0,1,0,1,0,1,0,0,0,0,0,0,1,0,1,0,1,0,1,0,0,0,0,0,0,0,0,1,0,1,0,1,0,0,0,0,0,0,1,0,1,0,1,0,1,0,0,0,0,0,0,1,0,1,0,1,0,1,0,0,0,0,0,0,1,0,1,0,1,0,1,0,0,0,0,0,0,1,0,1,0,1,0,1,0,0,0,0,0,0,1,0,1,0,1,0,1,0,0,0,0,0,0,1,0,1,0,1,0,1,0,0,0,0,0,0,1,0,1,0,1,0,1,0,0,0,0,0,0,1,0,1,0,1,0,1,0,0,0,0,0,0,0,0,1,0,1,0,1,0,0,0,0,0,0,1,0,1,0,1,0,1,0,0,0,0,0,0,1,0,1,0,1,0,1,0,61
Dominikánská republika,214,DO,DOM,9,1,1,0,0,0,0,1,0,0,0,0,0,0,3,0,0,0,0,0,0,0,0,0,0,0,0,3,0,0,0,0,0,0,0,0,0,0,0,0,3,0,0,0,0,0,0,0,0,0,0,0,0,2,1,0,0,0,1,1,0,0,0,0,0,0,3,0,0,0,0,0,0,0,0,0,0,0,0,3,0,0,0,0,0,0,0,0,0,0,0,0,3,0,0,0,0,0,0,0,0,0,0,0,0,3,0,0,0,0,0,0,0,0,0,0,0,0,3,0,0,0,0,0,0,0,0,0,0,0,0,4,1,0,0,0,0,0,0,0,0,0,0,0,3,0,0,0,0,0,0,0,0,0,0,0,0,4,0,0,0,0,0,0,0,0,0,0,0,0,2,1,0,0,0,1,1,0,0,0,0,0,0,4,0,0,0,0,0,0,0,0,0,0,0,0,3,0,0,0,0,0,0,0,0,0,0,0,0,56
Kostarika,188,CR,CRI,6,2,0,0,0,0,0,0,0,0,1,0,0,1,2,0,0,0,0,0,0,0,0,1,0,0,0,2,0,0,0,0,0,0,0,0,1,0,0,0,2,0,0,0,0,0,0,0,0,1,0,0,0,2,0,0,0,0,0,0,0,0,1,0,0,1,2,0,0,0,0,0,0,0,0,1,0,0,0,2,0,0,0,0,0,0,0,0,1,0,0,0,2,0,0,0,0,0,0,0,0,1,0,0,0,2,0,0,0,0,0,0,0,0,1,0,0,0,2,0,0,0,0,0,0,0,0,1,0,0,0,3,0,0,0,0,0,0,0,0,1,0,0,0,2,0,0,0,0,0,0,0,0,1,0,0,0,3,0,0,0,0,0,0,0,0,1,0,0,0,2,0,0,0,0,0,0,0,0,1,0,0,1,3,0,0,0,0,0,0,0,0,1,0,0,0,2,0,0,0,0,0,0,0,0,1,0,0,0,54
Tádžikistán,762,TJ,TJK,25,5,0,0,1,0,0,0,0,0,3,0,0,0,1,0,0,0,1,0,0,0,0,1,0,0,0,0,0,0,0,0,0,0,0,0,1,0,0,0,0,0,0,0,0,0,0,0,0,1,0,0,0,6,0,0,1,0,0,0,0,0,3,0,0,0,0,1,0,0,1,0,0,0,0,1,0,0,0,0,1,0,0,1,0,0,0,0,1,0,0,0,0,1,0,0,1,0,0,0,0,1,0,0,0,0,0,0,0,0,0,0,0,0,1,0,0,0,0,0,0,0,0,0,0,0,0,1,0,0,0,1,0,0,0,0,0,0,0,0,1,0,0,0,0,0,0,0,0,0,0,0,0,1,0,0,0,1,0,0,0,0,0,0,0,0,1,0,0,0,4,0,0,1,0,0,0,0,0,2,0,0,0,1,0,0,0,0,0,0,0,0,1,0,0,0,0,0,0,0,0,0,0,0,0,1,0,0,0,50
Niger,562,NE,NER,9,2,0,0,0,0,0,0,0,0,1,0,0,0,2,0,0,0,0,0,0,0,0,1,0,0,0,2,0,0,0,0,0,0,0,0,1,0,0,0,2,0,0,0,0,0,0,0,0,1,0,0,0,2,0,0,0,0,0,0,0,0,1,0,0,0,2,0,0,0,0,0,0,0,0,1,0,0,0,2,0,0,0,0,0,0,0,0,1,0,0,0,2,0,0,0,0,0,0,0,0,1,0,0,0,2,0,0,0,0,0,0,0,0,1,0,0,0,2,0,0,0,0,0,0,0,0,1,0,0,0,2,0,0,0,0,0,0,0,0,1,0,0,0,2,0,0,0,0,0,0,0,0,1,0,0,0,2,0,0,0,0,0,0,0,0,1,0,0,0,3,0,0,0,0,0,0,0,0,1,0,0,0,2,0,0,0,0,0,0,0,0,1,0,0,0,2,0,0,0,0,0,0,0,0,1,0,0,0,49
Uruguay,858,UY,URY,1,1,0,1,0,0,0,0,1,0,0,0,0,0,2,0,1,0,0,0,0,0,0,0,0,0,0,2,0,1,0,0,0,0,0,0,0,0,0,0,2,0,1,0,0,0,0,0,0,0,0,0,0,1,0,1,0,0,0,0,1,0,0,0,0,0,2,0,1,0,0,0,0,0,0,0,0,0,0,2,0,1,0,0,0,0,0,0,0,0,0,0,2,0,1,0,0,0,0,0,0,0,0,0,0,2,0,1,0,0,0,0,0,0,0,0,0,0,2,0,1,0,0,0,0,0,0,0,0,0,0,2,0,1,0,0,0,0,0,0,0,0,0,0,2,0,1,0,0,0,0,0,0,0,0,0,0,2,0,1,0,0,0,0,0,0,0,0,0,0,1,0,1,0,0,0,0,1,0,0,0,0,0,2,0,1,0,0,0,0,0,0,0,0,0,0,2,0,1,0,0,0,0,0,0,0,0,0,0,48
Súdán,729,SD,SDN,5,1,0,1,0,1,0,0,0,0,0,0,1,0,1,0,0,0,2,0,0,0,0,0,0,0,0,1,0,0,0,1,0,0,0,0,0,0,0,0,1,0,0,0,1,0,0,0,0,0,0,0,0,1,0,1,0,1,0,0,0,0,0,0,0,0,1,0,0,0,2,0,0,0,0,0,0,0,0,1,0,0,0,2,0,0,0,0,0,0,0,0,1,0,0,0,2,0,0,0,0,0,0,0,0,1,0,0,0,2,0,0,0,0,0,0,0,0,1,0,0,0,2,0,0,0,0,0,0,0,0,1,0,0,0,2,0,0,0,0,0,0,0,0,1,0,0,0,1,0,0,0,0,0,0,0,0,1,0,0,0,2,0,0,0,0,0,0,0,0,1,0,1,0,1,0,0,0,0,0,0,0,0,1,0,0,0,2,0,0,0,0,0,0,0,0,1,0,0,0,1,0,0,0,0,0,0,0,0,45
Zambie,894,ZM,ZMB,2,2,0,0,0,0,0,1,0,0,0,0,0,0,2,0,0,0,0,0,1,0,0,0,0,0,0,2,0,0,0,0,0,0,0,0,0,0,0,0,2,0,0,0,0,0,0,0,0,0,0,0,0,2,0,0,0,0,0,1,0,0,0,0,0,0,2,0,0,0,0,0,1,0,0,0,0,0,0,2,0,0,0,0,0,1,0,0,0,0,0,0,2,0,0,0,0,0,1,0,0,0,0,0,0,2,0,0,0,0,0,0,0,0,0,0,0,0,2,0,0,0,0,0,0,0,0,0,0,0,0,2,0,0,0,0,0,1,0,0,0,0,0,0,2,0,0,0,0,0,0,0,0,0,0,0,0,2,0,0,0,0,0,1,0,0,0,0,0,0,2,0,0,0,0,0,1,0,0,0,0,0,0,2,0,0,0,0,0,1,0,0,0,0,0,0,2,0,0,0,0,0,0,0,0,0,0,0,0,42
Uganda,800,UG,UGA,4,2,1,0,0,1,0,2,0,0,0,1,0,0,1,0,0,0,0,0,1,0,0,0,0,0,0,0,0,0,0,0,0,1,0,0,0,0,0,0,0,0,0,0,0,0,1,0,0,1,0,0,0,2,1,0,0,1,0,2,0,0,0,0,0,0,1,0,0,0,0,0,1,0,0,0,0,0,0,1,0,0,0,0,0,1,0,0,0,0,0,0,1,0,0,0,0,0,1,0,0,0,0,0,0,0,0,0,0,0,0,1,0,0,0,0,0,0,0,0,0,0,0,0,1,0,0,0,0,0,0,1,0,0,0,0,0,1,0,0,0,0,0,0,0,0,0,0,0,0,1,0,0,0,0,0,0,1,0,0,0,0,0,1,0,0,0,0,0,0,2,1,0,0,1,0,2,0,0,0,0,0,0,1,0,0,0,0,0,1,0,0,0,0,0,0,0,0,0,0,0,0,1,0,0,0,0,0,0,40
Malajsie,458,MY,MYS,7,0,0,0,0,2,0,1,0,0,0,0,0,0,0,0,0,0,2,0,0,1,0,0,0,0,0,0,0,0,0,1,0,1,0,0,0,0,0,0,0,0,0,0,1,0,0,0,0,0,0,0,0,0,0,0,0,2,0,1,0,0,0,0,0,0,0,0,0,0,2,0,0,1,0,0,0,0,0,0,0,0,0,2,0,0,1,0,0,0,0,0,0,0,0,0,2,0,0,1,0,0,0,0,0,0,0,0,0,1,0,0,0,0,0,0,0,0,0,0,0,0,2,0,0,0,0,0,0,0,0,0,0,0,0,2,0,0,1,0,0,0,0,0,0,0,0,0,1,0,0,0,0,0,0,0,0,0,0,0,0,2,0,0,1,0,0,0,0,0,0,0,0,0,2,0,1,0,0,0,0,0,0,0,0,0,0,2,0,0,1,0,0,0,0,0,0,0,0,0,1,0,0,0,0,0,0,0,0,38
Laos,418,LA,LAO,3,2,0,0,0,0,0,0,0,0,2,0,0,0,1,0,0,0,0,0,0,0,0,1,0,0,0,1,0,0,0,0,0,0,0,0,1,0,0,0,1,0,0,0,0,0,0,0,0,1,0,0,0,1,0,0,0,0,0,0,0,0,2,0,0,0,1,0,0,0,0,0,0,0,0,1,0,0,0,1,0,0,0,0,0,0,0,0,1,0,0,0,1,0,0,0,0,0,0,0,0,1,0,0,0,1,0,0,0,0,0,0,0,0,1,0,0,0,1,0,0,0,0,0,0,0,0,1,0,0,0,1,0,0,0,0,0,0,0,0,1,0,0,0,1,0,0,0,0,0,0,0,0,1,0,0,0,1,0,0,0,0,0,0,0,0,1,0,0,0,1,0,0,0,0,0,0,0,0,2,0,0,0,1,0,0,0,0,0,0,0,0,1,0,0,0,1,0,0,0,0,0,0,0,0,1,0,0,0,36
Zimbabwe,716,ZW,ZWE,8,1,0,0,0,1,0,0,1,0,1,0,1,0,0,0,0,0,0,0,0,1,0,0,0,0,0,1,0,0,0,0,0,0,0,0,1,0,0,0,1,0,0,0,0,0,0,0,0,1,0,0,0,1,0,0,0,1,0,0,1,0,1,0,0,0,0,0,0,0,0,0,0,1,0,0,0,0,0,0,0,0,0,0,0,0,1,0,0,0,0,0,1,0,0,0,0,0,0,0,0,1,0,0,0,1,0,0,0,0,0,0,0,0,1,0,0,0,1,0,0,0,0,0,0,0,0,1,0,0,0,1,0,0,0,0,0,0,1,0,0,0,0,0,1,0,0,0,0,0,0,0,0,1,0,0,0,0,0,0,0,0,0,0,1,0,0,0,0,0,1,0,0,0,1,0,0,1,0,1,0,0,0,0,0,0,0,0,0,0,1,0,0,0,0,0,1,0,0,0,0,0,0,0,0,1,0,0,0,34
Island,352,IS,ISL,13,1,0,0,1,0,0,0,0,0,0,0,0,0,1,0,0,1,0,0,0,0,0,0,0,0,0,1,0,0,0,0,0,0,0,0,0,0,0,0,1,0,0,1,0,0,0,0,0,0,0,0,0,1,0,0,1,0,0,0,0,0,0,0,0,0,1,0,0,1,0,0,0,0,0,0,0,0,0,1,0,0,1,0,0,0,0,0,0,0,0,0,1,0,0,1,0,0,0,0,0,0,0,0,0,1,0,0,1,0,0,0,0,0,0,0,0,0,1,0,0,1,0,0,0,0,0,0,0,0,0,1,0,0,1,0,0,0,0,0,0,0,0,0,1,0,0,1,0,0,0,0,0,0,0,0,0,1,0,0,1,0,0,0,0,0,0,0,0,0,1,0,0,1,0,0,0,0,0,0,0,0,0,1,0,0,1,0,0,0,0,0,0,0,0,0,1,0,0,1,0,0,0,0,0,0,0,0,0,31
Somálsko,706,SO,SOM,0,0,0,0,0,1,0,0,0,0,0,0,0,0,0,0,0,0,2,0,0,0,0,0,0,0,0,0,0,0,0,2,0,0,0,0,0,0,0,0,0,0,0,0,2,0,0,0,0,0,0,0,0,0,0,0,0,1,0,0,0,0,0,0,0,0,0,0,0,0,2,0,0,0,0,0,0,0,0,0,0,0,0,2,0,0,0,0,0,0,0,0,0,0,0,0,2,0,0,0,0,0,0,0,0,0,0,0,0,2,0,0,0,0,0,0,0,0,0,0,0,0,2,0,0,0,0,0,0,0,0,0,0,0,0,2,0,0,0,0,0,0,0,0,0,0,0,0,2,0,0,0,0,0,0,0,0,0,0,0,0,2,0,0,0,0,0,0,0,0,0,0,0,0,2,0,0,0,0,0,0,0,0,0,0,0,0,2,0,0,0,0,0,0,0,0,0,0,0,0,2,0,0,0,0,0,0,0,0,30
Guatemala,320,GT,GTM,8,4,0,0,0,0,0,0,0,0,0,0,0,0,1,0,0,0,0,0,0,0,0,0,0,0,0,1,0,0,0,0,0,0,0,0,0,0,0,0,1,0,0,0,0,0,0,0,0,0,0,0,0,4,0,0,0,0,0,0,0,0,0,0,0,0,1,0,0,0,0,0,0,0,0,0,0,0,0,1,0,0,0,0,0,0,0,0,0,0,0,0,1,0,0,0,0,0,0,0,0,0,0,0,0,1,0,0,0,0,0,0,0,0,0,0,0,0,1,0,0,0,0,0,0,0,0,0,0,0,0,2,0,0,0,0,0,0,0,1,0,0,0,0,1,0,0,0,0,0,0,0,0,0,0,0,0,2,0,0,0,0,0,0,0,0,0,0,0,0,3,0,0,0,0,0,0,0,0,0,0,0,0,2,0,0,0,0,0,0,0,0,0,0,0,0,1,0,0,0,0,0,0,0,0,0,0,0,0,28
Jamajka,388,JM,JAM,0,2,0,0,0,0,0,0,0,0,0,0,0,0,1,0,0,0,0,0,0,0,0,0,0,0,0,1,0,1,0,0,0,0,0,0,0,0,0,0,1,0,1,0,0,0,0,0,0,0,0,0,0,2,0,0,0,0,0,0,0,0,0,0,0,0,1,0,0,0,0,0,0,0,0,0,0,0,0,1,0,1,0,0,0,0,0,0,0,0,0,0,1,0,1,0,0,0,0,0,0,0,0,0,0,1,0,1,0,0,0,0,0,0,0,0,0,0,1,0,1,0,0,0,0,0,0,0,0,0,0,1,0,0,0,0,0,0,0,0,0,0,0,0,1,0,1,0,0,0,0,0,0,0,0,0,0,1,0,0,0,0,0,0,0,0,0,0,0,0,2,0,0,0,0,0,0,0,0,0,0,0,0,1,0,0,0,0,0,0,0,0,0,0,0,0,1,0,1,0,0,0,0,0,0,0,0,0,0,27
Namibie,516,0,NAM,2,1,0,0,0,0,0,0,0,0,1,0,1,0,1,0,0,0,0,0,0,0,0,0,0,0,0,1,0,0,0,0,0,0,0,0,0,0,0,0,1,0,0,0,0,0,0,0,0,0,0,0,0,1,0,0,0,0,0,0,0,0,1,0,1,0,1,0,0,0,0,0,0,0,0,0,0,0,0,1,0,0,0,0,0,0,0,0,0,0,0,0,1,0,0,0,0,0,0,0,0,0,1,0,0,1,0,0,0,0,0,0,0,0,0,0,0,0,1,0,0,0,0,0,0,0,0,0,1,0,0,1,0,0,0,1,0,0,0,0,0,0,1,0,1,0,0,0,0,0,0,0,0,0,0,0,0,1,0,0,0,0,0,0,0,0,0,0,0,0,1,0,0,0,0,0,0,0,0,1,0,1,0,1,0,0,0,0,0,0,0,0,0,0,0,0,1,0,0,0,0,0,0,0,0,0,0,0,0,26
Etiopie,231,ET,ETH,16,2,0,0,0,0,0,0,0,0,1,0,0,0,1,0,0,0,0,0,0,0,0,0,0,0,0,1,0,0,0,0,0,0,0,0,0,0,0,0,1,0,0,0,0,0,0,0,0,0,0,0,0,2,0,0,0,0,0,0,0,0,1,0,0,0,1,0,0,0,0,0,0,0,0,0,0,0,0,1,0,0,0,0,0,0,0,0,0,0,0,0,1,0,0,0,0,0,0,0,0,0,0,0,0,1,0,0,0,0,0,1,0,0,0,0,0,0,1,0,0,0,0,0,1,0,0,0,0,0,0,1,0,0,0,0,0,0,0,0,0,0,0,0,1,0,0,0,0,0,1,0,0,0,0,0,0,1,0,0,0,0,0,0,0,0,0,0,0,0,2,0,0,0,0,0,0,0,0,1,0,0,0,1,0,0,0,0,0,0,0,0,0,0,0,0,1,0,0,0,0,0,1,0,0,0,0,0,0,26
Kuvajt,414,KW,KWT,3,1,0,0,0,0,0,1,0,0,0,0,0,0,1,0,0,0,0,0,0,0,0,1,0,0,0,1,0,0,0,0,0,0,0,0,0,0,0,0,1,0,0,0,0,0,0,0,0,0,0,0,0,1,0,0,0,0,0,1,0,0,0,0,0,0,1,0,0,0,0,0,0,0,0,1,0,0,0,1,0,0,0,0,0,0,0,0,1,0,0,0,1,0,0,0,0,0,0,0,0,1,0,0,0,1,0,0,0,0,0,0,0,0,1,0,0,0,1,0,0,0,0,0,0,0,0,1,0,0,0,1,0,0,0,0,0,0,0,0,0,0,0,0,1,0,0,0,0,0,0,0,0,0,0,0,0,1,0,0,0,0,0,0,0,0,0,0,0,0,1,0,0,0,0,0,1,0,0,0,0,0,0,1,0,0,0,0,0,0,0,0,0,0,0,0,1,0,0,0,0,0,0,0,0,1,0,0,0,26
Singapur,702,SG,SGP,5,0,1,1,0,1,0,0,0,0,1,0,0,0,0,0,0,0,1,0,0,0,0,0,0,0,0,0,0,0,0,0,0,0,0,0,1,0,0,0,0,0,0,0,0,0,0,0,0,1,0,0,0,0,0,1,0,1,0,0,0,0,1,0,0,0,0,0,0,0,1,0,0,0,0,0,0,0,0,0,0,0,0,0,0,0,0,0,0,0,0,0,0,0,0,0,0,0,0,0,0,1,0,0,0,0,0,0,0,0,0,0,0,0,1,0,0,0,0,0,0,0,0,0,0,0,0,1,0,0,0,0,0,1,0,1,0,0,0,0,0,0,0,0,0,0,0,0,0,0,0,0,0,1,0,0,0,0,0,1,0,1,0,0,0,0,0,0,0,0,0,0,1,0,1,0,0,0,0,1,0,0,0,0,0,1,0,1,0,0,0,0,0,0,0,0,0,0,0,0,0,0,0,0,0,1,0,0,0,25
Turkmenistán,795,TM,TKM,11,0,0,0,0,2,0,0,0,0,0,0,0,0,0,0,0,0,0,0,0,0,0,1,0,0,0,0,0,0,1,0,0,0,0,0,1,0,0,0,1,0,0,0,0,0,0,0,0,1,0,0,0,0,0,0,0,1,0,0,0,0,0,0,0,0,0,0,0,0,0,0,0,0,0,1,0,0,0,1,0,0,0,0,0,0,0,0,1,0,0,0,1,0,0,0,0,0,0,0,0,1,0,0,0,1,0,0,0,0,0,0,0,0,1,0,0,0,1,0,0,0,0,0,0,0,0,1,0,0,0,0,0,0,0,0,0,0,0,0,1,0,0,0,1,0,0,0,0,0,0,0,0,1,0,0,0,0,0,0,0,0,0,0,0,0,1,0,0,0,0,0,0,0,1,0,0,0,0,0,0,0,0,0,0,0,0,0,0,0,0,0,1,0,0,0,1,0,0,0,0,0,0,0,0,1,0,0,0,25
Konžská demokratická republika,180,CD,COD,9,2,0,1,0,2,0,0,1,0,1,1,0,0,0,0,0,0,0,0,0,0,0,0,0,0,0,0,0,0,0,0,0,0,0,0,0,0,0,0,0,0,0,0,0,0,0,0,0,0,0,0,0,2,0,1,0,2,0,0,1,0,1,1,0,0,0,0,0,0,0,0,0,0,0,0,0,0,0,0,0,0,0,0,0,0,0,0,0,0,0,0,0,0,0,0,0,0,0,0,0,0,0,0,0,0,0,0,0,0,0,0,0,0,0,0,0,0,0,0,0,0,0,0,0,0,0,0,0,0,0,0,0,0,0,0,0,0,0,0,0,0,0,0,0,0,0,0,0,0,0,0,0,0,0,0,0,0,0,0,0,0,0,0,0,0,0,0,0,0,2,0,1,0,2,0,0,1,0,1,1,0,0,0,0,0,0,0,0,0,0,0,0,0,0,0,0,0,0,0,0,0,0,0,0,0,0,0,0,24
Honduras,340,HN,HND,11,0,0,0,0,0,0,0,1,0,0,0,0,1,0,0,0,0,0,0,0,1,0,0,0,0,0,0,0,0,0,0,0,0,1,0,0,0,0,0,0,0,0,0,0,0,0,1,0,0,0,0,0,0,0,0,0,0,0,0,1,0,0,0,0,1,0,0,0,0,0,0,0,1,0,0,0,0,0,0,0,0,0,0,0,0,1,0,0,0,0,0,0,0,0,0,0,0,0,1,0,0,0,0,0,0,0,0,0,0,0,0,1,0,0,0,0,0,0,0,0,0,0,0,0,1,0,0,0,0,0,1,0,0,0,0,0,0,1,0,0,0,0,0,0,0,0,0,0,0,0,1,0,0,0,0,0,1,0,0,0,0,0,0,1,0,0,0,0,0,0,0,0,0,0,0,0,1,0,0,0,0,1,0,0,0,0,0,0,0,1,0,0,0,0,0,0,0,0,0,0,0,0,1,0,0,0,0,0,21
Spojené arabské emiráty,784,AE,ARE,0,0,0,0,0,0,1,0,0,0,1,0,0,1,0,0,0,0,0,1,0,0,0,0,0,0,0,0,0,0,0,0,1,0,0,0,0,0,0,0,0,0,0,0,0,1,0,0,0,0,0,0,0,0,0,0,0,0,1,0,0,0,0,0,0,1,0,0,0,0,0,1,0,0,0,0,0,0,0,0,0,0,0,0,1,0,0,0,0,0,0,0,0,0,0,0,0,1,0,0,0,0,0,0,0,0,0,0,0,0,1,0,0,0,0,0,0,0,0,0,0,0,0,1,0,0,0,0,0,0,0,0,0,0,0,0,1,0,0,0,0,0,0,0,0,0,0,0,0,1,0,0,0,0,0,0,0,0,0,0,0,0,1,0,0,0,0,0,0,0,0,0,0,0,0,1,0,0,0,0,0,0,1,0,0,0,0,0,1,0,0,0,0,0,0,0,0,0,0,0,0,1,0,0,0,0,0,0,0,20
Togo,768,TG,TGO,1,0,0,0,0,0,0,0,2,0,1,0,0,0,0,0,0,0,0,0,0,1,0,0,0,0,0,0,0,0,0,0,0,0,0,0,0,0,0,0,0,0,0,0,0,0,0,0,0,0,0,0,0,0,0,0,0,0,0,0,2,0,1,0,0,0,0,0,0,0,0,0,0,1,0,0,0,0,0,0,0,0,0,0,0,0,1,0,0,0,0,0,0,0,0,0,0,0,0,1,0,0,0,0,0,0,0,0,0,0,0,0,0,0,0,0,0,0,0,0,0,0,0,0,0,1,0,0,0,0,0,0,0,0,0,0,0,0,1,0,0,0,0,0,0,0,0,0,0,0,0,0,0,0,0,0,0,0,0,0,0,0,0,0,1,0,0,0,0,0,0,0,0,0,0,0,0,2,0,1,0,0,0,0,0,0,0,0,0,0,1,0,0,0,0,0,0,0,0,0,0,0,0,0,0,0,0,0,0,17
Saúdská Arábie,682,SA,SAU,0,0,0,0,1,0,0,0,0,0,0,0,0,0,0,0,0,1,0,0,0,0,0,0,0,0,0,0,0,0,1,0,0,0,0,0,0,0,0,0,0,0,0,1,0,0,0,0,0,0,0,0,0,0,0,0,1,0,0,0,0,0,0,0,0,0,0,0,0,1,0,0,0,0,0,0,0,0,0,0,0,0,1,0,0,0,0,0,0,0,0,0,0,0,0,1,0,0,0,0,0,0,0,0,0,0,0,0,1,0,0,0,0,0,0,0,0,0,0,0,0,1,0,0,0,0,0,0,0,0,0,0,0,0,1,0,0,0,0,0,0,0,0,0,0,0,0,1,0,0,0,0,0,0,0,0,0,0,0,0,1,0,0,0,0,0,0,0,0,0,0,0,0,1,0,0,0,0,0,0,0,0,0,0,0,0,1,0,0,0,0,0,0,0,0,0,0,0,0,1,0,0,0,0,0,0,0,0,0,16
Libérie,430,LR,LBR,0,0,0,0,0,1,0,0,0,0,0,0,0,0,0,0,0,0,1,0,0,0,0,0,0,0,0,0,0,0,0,1,0,0,0,0,0,0,0,0,0,0,0,0,1,0,0,0,0,0,0,0,0,0,0,0,0,1,0,0,0,0,0,0,0,0,0,0,0,0,1,0,0,0,0,0,0,0,0,0,0,0,0,1,0,0,0,0,0,0,0,0,0,0,0,0,1,0,0,0,0,0,0,0,0,0,0,0,0,1,0,0,0,0,0,0,0,0,0,0,0,0,1,0,0,0,0,0,0,0,0,0,0,0,0,1,0,0,0,0,0,0,0,0,0,0,0,0,1,0,0,0,0,0,0,0,0,0,0,0,0,1,0,0,0,0,0,0,0,0,0,0,0,0,1,0,0,0,0,0,0,0,0,0,0,0,0,1,0,0,0,0,0,0,0,0,0,0,0,0,1,0,0,0,0,0,0,0,0,16
Tanzanie,834,TZ,TZA,3,0,0,0,0,0,0,0,0,0,1,0,1,0,0,0,0,0,0,0,0,0,0,0,0,1,0,0,0,0,0,0,0,0,0,0,0,0,0,0,0,0,0,0,0,0,0,0,0,0,0,0,0,0,0,0,0,0,0,0,0,0,1,0,1,0,0,0,0,0,0,0,0,0,0,0,0,1,0,0,0,0,0,0,0,0,0,0,0,0,1,0,0,0,0,0,0,0,0,0,0,0,0,1,0,0,0,0,0,0,0,0,0,0,0,0,1,0,0,0,0,0,0,0,0,0,0,0,0,1,0,0,0,0,0,0,0,0,0,0,0,0,1,0,0,0,0,0,0,0,0,0,0,0,0,0,0,0,0,0,0,0,0,0,0,0,0,0,1,0,0,0,0,0,0,0,0,0,0,1,0,1,0,0,0,0,0,0,0,0,0,0,0,0,1,0,0,0,0,0,0,0,0,0,0,0,0,1,0,16
Guernsey,831,GG,GGY,0,1,0,0,0,0,0,0,0,0,0,0,0,0,1,0,0,0,0,0,0,0,0,0,0,0,0,1,0,0,0,0,0,0,0,0,0,0,0,0,1,0,0,0,0,0,0,0,0,0,0,0,0,1,0,0,0,0,0,0,0,0,0,0,0,0,1,0,0,0,0,0,0,0,0,0,0,0,0,1,0,0,0,0,0,0,0,0,0,0,0,0,1,0,0,0,0,0,0,0,0,0,0,0,0,1,0,0,0,0,0,0,0,0,0,0,0,0,1,0,0,0,0,0,0,0,0,0,0,0,0,1,0,0,0,0,0,0,0,0,0,0,0,0,1,0,0,0,0,0,0,0,0,0,0,0,0,1,0,0,0,0,0,0,0,0,0,0,0,0,1,0,0,0,0,0,0,0,0,0,0,0,0,1,0,0,0,0,0,0,0,0,0,0,0,0,1,0,0,0,0,0,0,0,0,0,0,0,0,16
Panama,591,PA,PAN,5,1,0,0,0,0,0,0,0,0,0,0,0,0,1,0,0,0,0,0,0,0,0,0,0,0,0,1,0,0,0,0,0,0,0,0,0,0,0,0,1,0,0,0,0,0,0,0,0,0,0,0,0,1,0,0,0,0,0,0,0,0,0,0,0,0,1,0,0,0,0,0,0,0,0,0,0,0,0,1,0,0,0,0,0,0,0,0,0,0,0,0,1,0,0,0,0,0,0,0,0,0,0,0,0,1,0,0,0,0,0,0,0,0,0,0,0,0,1,0,0,0,0,0,0,0,0,0,0,0,0,1,0,0,0,0,0,0,0,0,0,0,0,0,1,0,0,0,0,0,0,0,0,0,0,0,0,1,0,0,0,0,0,0,0,0,0,0,0,0,1,0,0,0,0,0,0,0,0,0,0,0,0,1,0,0,0,0,0,0,0,0,0,0,0,0,1,0,0,0,0,0,0,0,0,0,0,0,0,16
Korejská lidově demokratická republika,408,KP,PRK,2,0,0,1,0,0,0,0,0,0,0,0,0,0,0,0,1,0,0,0,0,0,0,0,0,0,0,0,0,1,0,0,0,0,0,0,0,0,0,0,0,0,1,0,0,0,0,0,0,0,0,0,0,0,0,1,0,0,0,0,0,0,0,0,0,0,0,0,1,0,0,0,0,0,0,0,0,0,0,0,0,1,0,0,0,0,0,0,0,0,0,0,0,0,1,0,0,0,0,0,0,0,0,0,0,0,0,1,0,0,0,0,0,0,0,0,0,0,0,0,1,0,0,0,0,0,0,0,0,0,0,0,0,1,0,0,0,0,0,0,0,0,0,0,0,0,1,0,0,0,0,0,0,0,0,0,0,0,0,1,0,0,0,0,0,0,0,0,0,0,0,0,1,0,0,0,0,0,0,0,0,0,0,0,0,1,0,0,0,0,0,0,0,0,0,0,0,0,1,0,0,0,0,0,0,0,0,0,0,16
Mauritánie,478,MR,MRT,0,0,0,1,0,0,0,0,0,0,0,0,0,0,0,0,1,0,0,0,0,0,0,0,0,0,0,0,0,1,0,0,0,0,0,0,0,0,0,0,0,0,1,0,0,0,0,0,0,0,0,0,0,0,0,1,0,0,0,0,0,0,0,0,0,0,0,0,1,0,0,0,0,0,0,0,0,0,0,0,0,1,0,0,0,0,0,0,0,0,0,0,0,0,1,0,0,0,0,0,0,0,0,0,0,0,0,1,0,0,0,0,0,0,0,0,0,0,0,0,1,0,0,0,0,0,0,0,0,0,0,0,0,1,0,0,0,0,0,0,0,0,0,0,0,0,1,0,0,0,0,0,0,0,0,0,0,0,0,1,0,0,0,0,0,0,0,0,0,0,0,0,1,0,0,0,0,0,0,0,0,0,0,0,0,1,0,0,0,0,0,0,0,0,0,0,0,0,1,0,0,0,0,0,0,0,0,0,0,16
Hongkong,344,HK,HKG,1,0,0,0,0,0,0,0,0,0,0,0,0,0,1,0,0,0,0,0,0,0,0,0,0,0,0,1,0,0,0,0,0,0,0,0,0,0,0,0,1,0,0,0,0,0,0,0,0,0,0,0,0,0,0,0,0,0,0,0,0,0,0,0,0,0,1,0,0,0,0,0,0,0,0,0,0,0,0,1,0,0,0,0,0,0,0,0,0,0,0,0,1,0,0,0,0,0,0,0,0,0,0,0,0,1,0,0,0,0,0,0,0,0,0,0,0,0,1,0,0,0,0,0,0,0,0,0,0,0,0,1,0,0,0,0,0,0,0,0,1,0,0,0,1,0,0,0,0,0,0,0,0,0,0,0,0,1,0,0,0,0,0,0,0,0,0,0,0,0,0,0,0,0,0,0,0,0,0,0,0,0,0,1,0,0,0,0,0,0,0,0,0,0,0,0,1,0,0,0,0,0,0,0,0,0,0,0,0,14
Svatý Tomáš a Princův ostrov,678,ST,STP,1,0,0,0,0,0,0,0,0,0,0,0,0,0,1,0,0,0,0,0,0,0,0,0,0,0,0,1,0,0,0,0,0,0,0,0,0,0,0,0,1,0,0,0,0,0,0,0,0,0,0,0,0,0,0,0,0,0,0,0,0,0,0,0,0,0,1,0,0,0,0,0,0,0,0,0,0,0,0,1,0,0,0,0,0,0,0,0,0,0,0,0,1,0,0,0,0,0,0,0,0,0,0,0,0,1,0,0,0,0,0,0,0,0,0,0,0,0,1,0,0,0,0,0,0,0,0,0,0,0,0,1,0,0,0,0,0,0,0,0,0,0,0,0,1,0,0,0,0,0,0,0,0,0,0,0,0,1,0,0,0,0,0,0,0,0,0,0,0,0,0,0,0,0,0,0,0,0,0,0,0,0,0,1,0,0,0,0,0,0,0,0,0,0,0,0,1,0,0,0,0,0,0,0,0,0,0,0,0,13
Vanuatu,548,VU,VUT,0,0,0,0,0,0,0,0,0,0,0,0,0,0,0,0,0,0,0,0,1,0,0,0,0,0,0,0,0,0,0,0,0,1,0,0,0,0,0,0,0,0,0,0,0,0,1,0,0,0,0,0,0,0,0,0,0,0,0,0,0,0,0,0,0,0,0,0,0,0,0,0,1,0,0,0,0,0,0,0,0,0,0,0,0,1,0,0,0,0,0,0,0,0,0,0,0,0,1,0,0,0,0,0,0,0,0,0,0,0,0,1,0,0,0,0,0,0,0,0,0,0,0,0,1,0,0,0,0,0,0,0,0,0,0,0,0,1,0,0,0,0,0,0,0,0,0,0,0,0,1,0,0,0,0,0,0,0,0,0,0,0,0,1,0,0,0,0,0,0,0,0,0,0,0,0,0,0,0,0,0,0,0,0,0,0,0,0,0,1,0,0,0,0,0,0,0,0,0,0,0,0,1,0,0,0,0,0,0,13
Lucembursko,442,LU,LUX,11,0,0,0,0,0,0,0,0,0,0,0,0,0,0,0,0,0,1,0,0,0,0,0,0,0,0,1,0,0,0,1,0,0,0,0,0,0,0,0,1,0,0,0,1,0,0,0,0,0,0,0,0,0,0,0,0,0,0,0,0,0,0,0,0,0,0,0,0,0,1,0,0,0,0,0,0,0,0,0,0,0,0,1,0,0,0,0,0,0,0,0,0,0,0,0,1,0,0,0,0,0,0,0,0,0,0,0,0,1,0,0,0,0,0,0,0,0,0,0,0,0,1,0,0,0,0,0,0,0,0,0,0,0,0,0,0,0,0,0,0,0,0,0,0,0,0,0,1,0,0,0,0,0,0,0,0,0,0,0,0,0,0,0,0,0,0,0,0,0,0,0,0,0,0,0,0,0,0,0,0,0,0,0,0,0,0,1,0,0,0,0,0,0,0,0,0,0,0,0,1,0,0,0,0,0,0,0,0,13
Britské Panenské ostrovy,092,VG,VGB,4,0,0,0,0,0,0,0,0,0,0,0,0,0,0,1,0,0,0,0,0,0,0,0,0,0,0,0,1,0,0,0,0,0,0,0,0,0,0,0,0,1,0,0,0,0,0,0,0,0,0,0,0,0,0,0,0,0,0,0,0,0,0,0,0,0,0,1,0,0,0,0,0,0,0,0,0,0,0,0,1,0,0,0,0,0,0,0,0,0,0,0,0,1,0,0,0,0,0,0,0,0,0,0,0,0,1,0,0,0,0,0,0,0,0,0,0,0,0,1,0,0,0,0,0,0,0,0,0,0,0,0,0,0,0,0,0,0,0,0,0,0,0,0,0,1,0,0,0,0,0,0,0,0,0,0,0,0,0,0,0,0,0,0,0,0,0,0,0,0,0,0,0,0,0,0,0,0,0,0,0,0,0,0,1,0,0,0,0,0,0,0,0,0,0,0,0,1,0,0,0,0,0,0,0,0,0,0,0,11
Gambie,270,GM,GMB,1,0,0,0,0,0,0,0,0,0,0,0,1,0,0,0,0,0,0,0,0,0,0,0,0,1,0,0,0,0,0,0,0,0,0,0,0,0,0,0,0,0,0,0,0,0,0,0,0,0,0,1,0,0,0,0,0,0,0,0,0,0,0,0,1,0,0,0,0,0,0,0,0,0,0,0,0,1,0,0,0,0,0,0,0,0,0,0,0,0,0,0,0,0,0,0,0,0,0,0,0,0,0,0,0,0,0,0,0,0,0,0,0,0,0,0,0,0,0,0,0,0,0,0,0,0,0,0,0,0,0,0,0,0,0,0,0,0,0,0,0,0,1,0,0,0,0,0,0,0,0,0,0,0,0,0,0,0,0,0,0,0,0,0,0,0,0,0,1,0,1,0,0,0,0,0,0,0,0,0,0,1,0,0,0,0,0,0,0,0,0,0,0,0,1,0,0,0,0,0,0,0,0,0,0,0,0,0,0,10
Botswana,072,BW,BWA,1,0,0,0,0,0,0,0,0,0,0,0,0,0,0,0,0,0,0,0,0,0,0,0,0,1,0,0,0,0,0,0,0,0,0,0,0,0,0,0,0,0,0,0,0,0,0,0,0,0,0,0,0,0,0,0,0,0,0,0,0,0,0,0,0,0,0,0,0,0,0,0,0,0,0,0,0,1,0,0,0,0,0,0,0,0,0,0,0,0,1,0,0,0,0,0,0,0,0,0,0,0,0,1,0,0,0,0,0,0,0,0,0,0,0,0,1,0,0,0,0,0,0,0,0,0,0,0,0,1,0,0,0,0,0,0,0,0,0,0,0,0,0,0,0,0,0,0,0,0,0,0,0,0,0,0,0,0,0,0,0,0,0,0,0,0,0,0,1,0,0,0,0,0,0,0,0,0,0,0,0,0,0,0,0,0,0,0,0,0,0,0,0,0,1,0,0,0,0,0,0,0,0,0,0,0,0,1,0,9
Salvador,222,SV,SLV,2,2,0,0,0,0,0,0,0,0,0,0,0,0,0,0,0,0,0,0,0,0,0,0,0,0,0,0,0,0,0,0,0,0,0,0,0,0,0,0,0,0,0,0,0,0,0,0,0,0,0,0,0,2,0,0,0,0,0,0,0,0,0,0,0,0,0,0,0,0,0,0,0,0,0,0,0,0,0,0,0,0,0,0,0,0,0,0,0,0,0,0,0,0,0,0,0,0,0,0,0,0,0,0,0,0,0,0,0,0,0,0,0,0,0,0,0,0,0,0,0,0,0,0,0,0,0,0,0,0,0,0,0,0,0,0,0,0,0,0,0,0,0,0,0,0,0,0,0,0,0,0,0,0,0,0,0,0,0,0,0,0,0,0,0,0,0,0,0,0,2,0,0,0,0,0,0,0,0,0,1,0,0,0,0,0,0,0,0,0,0,0,0,0,0,0,0,0,0,0,0,0,0,0,0,0,0,0,0,7
Lichtenštejnsko,438,LI,LIE,2,0,0,0,0,0,0,0,0,0,0,0,0,0,0,0,0,0,0,0,0,0,0,0,0,1,0,0,0,0,0,0,0,0,0,0,0,0,0,0,0,0,0,0,0,0,0,0,0,0,0,0,0,0,0,0,0,0,0,0,0,0,0,0,0,0,0,0,0,0,0,0,0,0,0,0,0,1,0,0,0,0,0,0,0,0,0,0,0,0,1,0,0,0,0,0,0,0,0,0,0,0,0,1,0,0,0,0,0,0,0,0,0,0,0,0,0,0,0,0,0,0,0,0,0,0,0,0,0,0,0,0,0,0,0,0,0,0,0,0,0,0,1,0,0,0,0,0,0,0,0,0,0,0,0,0,0,0,0,0,0,0,0,0,0,0,0,0,1,0,0,0,0,0,0,0,0,0,0,0,0,0,0,0,0,0,0,0,0,0,0,0,0,0,1,0,0,0,0,0,0,0,0,0,0,0,0,0,0,7
Mauricius,480,MU,MUS,3,0,0,0,0,1,0,0,0,0,1,1,0,0,0,0,0,0,0,0,0,0,0,0,0,0,0,0,0,0,0,0,0,0,0,0,0,0,0,0,0,0,0,0,0,0,0,0,0,0,0,0,0,0,0,0,0,0,0,0,0,0,1,1,0,0,0,0,0,0,0,0,0,0,0,0,0,0,0,0,0,0,0,0,0,0,0,0,0,0,0,0,0,0,0,0,0,0,0,0,0,0,0,0,0,0,0,0,0,0,0,0,0,0,0,0,0,0,0,0,0,0,0,0,0,0,0,0,0,0,0,0,0,0,0,0,0,0,0,0,0,0,0,0,0,0,0,0,0,0,0,0,0,0,0,0,0,0,0,0,0,0,0,0,0,0,0,0,0,0,0,0,0,0,0,0,0,0,0,1,1,0,0,0,0,0,0,0,0,0,0,0,0,0,0,0,0,0,0,0,0,0,0,0,0,0,0,0,0,7
Burkina Faso,854,BF,BFA,1,0,0,0,0,0,0,0,0,0,1,0,0,0,0,0,0,0,0,0,0,0,0,1,0,0,0,0,0,0,0,0,0,0,0,0,0,0,0,0,0,0,0,0,0,0,0,0,0,0,0,0,0,0,0,0,0,0,0,0,0,0,1,0,0,0,0,0,0,0,0,0,0,0,0,0,0,0,0,0,0,0,0,0,0,0,0,0,0,0,0,0,0,0,0,0,0,0,0,0,0,0,0,0,0,0,0,0,0,0,0,0,0,0,0,0,0,0,0,0,0,0,0,0,0,0,0,0,0,0,0,0,0,0,0,0,0,0,0,0,1,0,0,0,0,0,0,0,0,0,0,0,0,0,0,0,0,0,0,0,0,0,0,0,0,0,1,0,0,0,0,0,0,0,0,0,0,0,0,1,0,0,0,0,0,0,0,0,0,0,0,0,1,0,0,0,0,0,0,0,0,0,0,0,0,0,0,0,0,7
Burundi,108,BI,BDI,0,0,0,0,0,0,1,0,0,1,0,0,0,0,0,0,0,0,0,0,0,0,0,0,0,0,0,0,0,0,0,0,0,0,0,0,0,0,0,0,0,0,0,0,0,0,0,0,0,0,0,0,0,0,0,0,0,0,0,0,0,1,0,0,0,0,0,0,0,0,0,0,0,0,0,0,0,0,0,0,0,0,0,0,0,0,0,0,0,0,0,0,0,0,0,0,0,0,0,0,0,0,0,0,0,0,0,0,0,0,0,0,0,0,0,0,0,0,0,0,0,0,0,0,0,0,0,0,0,0,0,0,0,0,0,0,0,0,0,0,0,0,0,0,0,0,0,0,0,0,0,0,0,0,0,0,0,0,0,0,0,0,0,0,0,0,0,0,0,0,0,0,0,0,0,1,0,0,1,0,0,0,0,0,0,0,0,0,0,0,0,0,0,0,0,0,0,0,0,0,0,0,0,0,0,0,0,0,0,5
Monako,492,MC,MCO,0,0,0,0,0,0,0,0,0,0,0,0,0,0,0,0,0,0,0,0,0,0,0,0,0,0,0,0,0,0,0,0,0,0,0,0,0,0,0,0,0,0,0,0,0,0,0,0,0,0,0,0,0,0,0,0,0,0,0,0,0,0,0,0,0,0,0,0,0,0,0,0,0,0,0,0,0,0,0,0,0,0,0,0,0,0,0,0,0,0,0,0,0,0,0,0,0,0,0,1,0,0,0,0,0,0,0,0,0,0,0,0,1,0,0,0,0,0,0,0,0,0,0,0,0,1,0,0,0,0,0,0,0,0,0,0,0,0,0,0,0,0,0,0,0,0,0,0,0,0,0,1,0,0,0,0,0,0,0,0,0,0,0,0,0,0,0,0,0,0,0,0,0,0,0,0,0,0,0,0,0,0,0,0,0,0,0,0,0,0,0,0,0,0,0,0,0,0,0,0,0,0,0,1,0,0,0,0,0,5
Mali,466,ML,MLI,2,2,0,0,0,0,0,0,0,0,0,0,0,0,0,0,0,0,0,0,0,0,0,0,0,0,0,0,0,0,0,0,0,0,0,0,0,0,0,0,0,0,0,0,0,0,0,0,0,0,0,0,0,2,0,0,0,0,0,0,0,0,0,0,0,0,0,0,0,0,0,0,0,0,0,0,0,0,0,0,0,0,0,0,0,0,0,0,0,0,0,0,0,0,0,0,0,0,0,0,0,0,0,0,0,0,0,0,0,0,0,0,0,0,0,0,0,0,0,0,0,0,0,0,0,0,0,0,0,0,0,0,0,0,0,0,0,0,0,0,0,0,0,0,0,0,0,0,0,0,0,0,0,0,0,0,0,0,0,0,0,0,0,0,0,0,0,0,0,0,1,0,0,0,0,0,0,0,0,0,0,0,0,0,0,0,0,0,0,0,0,0,0,0,0,0,0,0,0,0,0,0,0,0,0,0,0,0,0,5
Curacao,0,0,0,0,0,0,0,0,0,0,0,0,0,0,0,0,0,0,0,0,0,0,0,0,0,0,0,0,0,0,0,0,0,0,0,1,0,0,0,0,0,0,0,0,0,0,0,0,1,0,0,0,0,0,0,0,0,0,0,0,0,0,0,0,0,0,0,0,0,0,0,0,0,0,0,0,0,0,0,0,0,0,0,0,0,0,0,0,0,0,0,0,0,0,0,0,0,0,0,0,0,0,0,0,0,0,0,0,0,0,0,0,0,0,0,0,0,0,0,0,0,0,0,0,0,0,0,0,0,0,0,0,0,0,0,0,0,0,0,0,0,0,0,0,0,0,0,0,0,0,0,0,1,0,0,0,0,0,0,0,0,0,0,0,0,0,0,0,0,0,0,0,0,0,0,0,0,0,0,0,0,0,0,0,0,0,0,0,0,0,0,0,0,0,0,0,0,0,0,0,0,0,0,0,1,0,0,0,0,0,0,0,4
Nikaragua,558,NI,NIC,1,0,0,0,0,0,0,0,0,0,0,0,1,0,0,0,0,0,0,0,0,0,0,0,0,0,0,0,0,0,0,0,0,0,0,0,0,0,0,0,0,0,0,0,0,0,0,0,0,0,0,0,0,0,0,0,0,0,0,0,0,0,0,0,1,0,0,0,0,0,0,0,0,0,0,0,0,0,0,0,0,0,0,0,0,0,0,0,0,0,0,0,0,0,0,0,0,0,0,0,0,0,0,0,0,0,0,0,0,0,0,0,0,0,0,0,0,0,0,0,0,0,0,0,0,0,0,0,0,0,0,0,0,0,0,0,0,0,0,0,0,0,0,0,0,0,0,0,0,0,0,0,0,0,0,0,0,0,0,0,0,0,0,0,0,0,0,0,0,0,0,0,0,0,0,0,0,0,0,0,0,1,0,0,0,0,0,0,0,0,0,0,0,0,0,0,0,0,0,0,0,0,0,0,0,0,0,0,0,3
Rwanda,646,RW,RWA,0,0,0,0,0,1,0,0,0,0,0,0,0,0,0,0,0,0,0,0,0,0,0,0,0,0,0,0,0,0,0,0,0,0,0,0,0,0,0,0,0,0,0,0,0,0,0,0,0,0,0,0,0,0,0,0,0,1,0,0,0,0,0,0,0,0,0,0,0,0,0,0,0,0,0,0,0,0,0,0,0,0,0,0,0,0,0,0,0,0,0,0,0,0,0,0,0,0,0,0,0,0,0,0,0,0,0,0,0,0,0,0,0,0,0,0,0,0,0,0,0,0,0,0,0,0,0,0,0,0,0,0,0,0,0,0,0,0,0,0,0,0,0,0,0,0,0,0,0,0,0,0,0,0,0,0,0,0,0,0,0,0,0,0,0,0,0,0,0,0,0,0,0,0,1,0,0,0,0,0,0,0,0,0,0,0,0,0,0,0,0,0,0,0,0,0,0,0,0,0,0,0,0,0,0,0,0,0,0,3
Tonga,776,TO,TON,0,0,0,0,0,0,0,0,0,0,0,0,1,0,0,0,0,0,0,0,0,0,0,0,0,0,0,0,0,0,0,0,0,0,0,0,0,0,0,0,0,0,0,0,0,0,0,0,0,0,0,0,0,0,0,0,0,0,0,0,0,0,0,0,1,0,0,0,0,0,0,0,0,0,0,0,0,0,0,0,0,0,0,0,0,0,0,0,0,0,0,0,0,0,0,0,0,0,0,0,0,0,0,0,0,0,0,0,0,0,0,0,0,0,0,0,0,0,0,0,0,0,0,0,0,0,0,0,0,0,0,0,0,0,0,0,0,0,0,0,0,0,0,0,0,0,0,0,0,0,0,0,0,0,0,0,0,0,0,0,0,0,0,0,0,0,0,0,0,0,0,0,0,0,0,0,0,0,0,0,0,1,0,0,0,0,0,0,0,0,0,0,0,0,0,0,0,0,0,0,0,0,0,0,0,0,0,0,0,3
Maledivy,462,MV,MDV,2,1,0,0,0,0,0,0,0,0,0,0,0,0,0,0,0,0,0,0,0,0,0,0,0,0,0,0,0,0,0,0,0,0,0,0,0,0,0,0,0,0,0,0,0,0,0,0,0,0,0,0,0,1,0,0,0,0,0,0,0,0,0,0,0,0,0,0,0,0,0,0,0,0,0,0,0,0,0,0,0,0,0,0,0,0,0,0,0,0,0,0,0,0,0,0,0,0,0,0,0,0,0,0,0,0,0,0,0,0,0,0,0,0,0,0,0,0,0,0,0,0,0,0,0,0,0,0,0,0,0,0,0,0,0,0,0,0,0,0,0,0,0,0,0,0,0,0,0,0,0,0,0,0,0,0,0,0,0,0,0,0,0,0,0,0,0,0,0,0,1,0,0,0,0,0,0,0,0,0,0,0,0,0,0,0,0,0,0,0,0,0,0,0,0,0,0,0,0,0,0,0,0,0,0,0,0,0,0,3
Francouzská Guyana,254,GF,GUF,0,0,0,0,0,0,0,0,0,0,0,0,0,0,0,0,0,0,0,0,0,0,0,0,0,0,0,1,0,0,0,0,0,0,0,0,0,0,0,0,1,0,0,0,0,0,0,0,0,0,0,0,0,0,0,0,0,0,0,0,0,0,0,0,0,0,0,0,0,0,0,0,0,0,0,0,0,0,0,0,0,0,0,0,0,0,0,0,0,0,0,0,0,0,0,0,0,0,0,0,0,0,0,0,0,0,0,0,0,0,0,0,0,0,0,0,0,0,0,0,0,0,0,0,0,0,0,0,0,0,0,0,0,0,0,0,0,0,0,0,0,0,0,0,0,0,0,0,0,0,0,0,0,0,0,0,0,0,0,0,0,0,0,0,0,0,0,0,0,0,0,0,0,0,0,0,0,0,0,0,0,0,0,0,0,0,0,0,0,0,0,0,0,0,0,0,0,0,0,0,0,0,0,0,0,0,0,0,0,2
Kapverdy,132,CV,CPV,0,0,0,0,0,0,0,0,0,0,0,0,0,0,0,0,0,0,0,0,0,0,0,0,0,0,0,0,0,0,0,0,0,0,0,0,0,0,0,0,0,0,0,0,0,0,0,0,0,0,0,0,0,0,0,0,0,0,0,0,0,0,0,0,0,0,0,0,0,0,0,0,0,0,0,0,0,0,0,0,0,0,0,0,0,0,0,0,0,0,0,0,0,0,0,0,0,0,0,0,0,0,0,0,0,0,0,0,0,0,0,0,0,0,0,0,0,0,0,0,0,0,0,0,0,0,0,0,0,0,0,0,0,0,0,0,0,0,0,0,0,0,1,0,0,0,0,0,0,0,0,0,0,0,0,0,0,0,0,0,0,0,0,0,0,0,0,0,1,0,0,0,0,0,0,0,0,0,0,0,0,0,0,0,0,0,0,0,0,0,0,0,0,0,0,0,0,0,0,0,0,0,0,0,0,0,0,0,0,2
Fidži,242,FJ,FJI,1,1,0,0,0,0,0,0,0,0,0,0,0,0,0,0,0,0,0,0,0,0,0,0,0,0,0,0,0,0,0,0,0,0,0,0,0,0,0,0,0,0,0,0,0,0,0,0,0,0,0,0,0,1,0,0,0,0,0,0,0,0,0,0,0,0,0,0,0,0,0,0,0,0,0,0,0,0,0,0,0,0,0,0,0,0,0,0,0,0,0,0,0,0,0,0,0,0,0,0,0,0,0,0,0,0,0,0,0,0,0,0,0,0,0,0,0,0,0,0,0,0,0,0,0,0,0,0,0,0,0,0,0,0,0,0,0,0,0,0,0,0,0,0,0,0,0,0,0,0,0,0,0,0,0,0,0,0,0,0,0,0,0,0,0,0,0,0,0,0,0,0,0,0,0,0,0,0,0,0,0,0,0,0,0,0,0,0,0,0,0,0,0,0,0,0,0,0,0,0,0,0,0,0,0,0,0,0,0,2
Paraguay,600,PY,PRY,1,0,0,0,0,1,0,0,0,0,0,0,0,0,0,0,0,0,0,0,0,0,0,0,0,0,0,0,0,0,0,0,0,0,0,0,0,0,0,0,0,0,0,0,0,0,0,0,0,0,0,0,0,0,0,0,0,0,0,0,0,0,0,0,0,0,0,0,0,0,0,0,0,0,0,0,0,0,0,0,0,0,0,0,0,0,0,0,0,0,0,0,0,0,0,0,0,0,0,0,0,0,0,0,0,0,0,0,0,0,0,0,0,0,0,0,0,0,0,0,0,0,0,0,0,0,0,0,0,0,0,0,0,0,0,0,0,0,0,0,0,0,0,0,0,0,0,0,0,0,0,0,0,0,0,0,0,0,0,0,0,0,0,0,0,0,0,0,0,0,0,0,0,0,0,0,0,0,0,0,0,0,0,0,0,0,0,0,0,0,0,0,0,0,0,0,0,0,0,0,0,0,0,0,0,0,0,0,0,1
Sierra Leone,694,SL,SLE,3,0,0,0,0,0,0,0,0,0,0,0,0,0,0,0,0,0,0,0,0,0,0,0,0,0,0,0,0,0,0,0,0,0,0,0,0,0,0,0,1,0,0,0,0,0,0,0,0,0,0,0,0,0,0,0,0,0,0,0,0,0,0,0,0,0,0,0,0,0,0,0,0,0,0,0,0,0,0,0,0,0,0,0,0,0,0,0,0,0,0,0,0,0,0,0,0,0,0,0,0,0,0,0,0,0,0,0,0,0,0,0,0,0,0,0,0,0,0,0,0,0,0,0,0,0,0,0,0,0,0,0,0,0,0,0,0,0,0,0,0,0,0,0,0,0,0,0,0,0,0,0,0,0,0,0,0,0,0,0,0,0,0,0,0,0,0,0,0,0,0,0,0,0,0,0,0,0,0,0,0,0,0,0,0,0,0,0,0,0,0,0,0,0,0,0,0,0,0,0,0,0,0,0,0,0,0,0,0,1
Surinam,740,SR,SUR,1,0,0,0,0,0,0,0,0,0,1,0,0,0,0,0,0,0,0,0,0,0,0,0,0,0,0,0,0,0,0,0,0,0,0,0,0,0,0,0,0,0,0,0,0,0,0,0,0,0,0,0,0,0,0,0,0,0,0,0,0,0,0,0,0,0,0,0,0,0,0,0,0,0,0,0,0,0,0,0,0,0,0,0,0,0,0,0,0,0,0,0,0,0,0,0,0,0,0,0,0,0,0,0,0,0,0,0,0,0,0,0,0,0,0,0,0,0,0,0,0,0,0,0,0,0,0,0,0,0,0,0,0,0,0,0,0,0,0,0,0,0,0,0,0,0,0,0,0,0,0,0,0,0,0,0,0,0,0,0,0,0,0,0,0,0,0,0,0,0,0,0,0,0,0,0,0,0,0,0,0,0,0,0,0,0,0,0,0,0,0,0,0,0,0,0,0,0,0,0,0,0,0,0,0,0,0,0,0,1
